Name,Team,Pos,PA,GROOVE,Damage/BBE,Selectivity (%),Hittable Pitch Take (%),Chase (%),Z-Contact (%),Whiff vs. Secondaries (%),Z-Swing (%),Zone (%)
DaShawn Keirsey Jr.,ATL,CF,4,4.54,25.0,0.0,100.0,100.0,100.0,0.0,57.1,116.7
Gustavo Melendez,PIT,SS,1,4.42,,100.0,0.0,0.0,,,0.0,20.0
Shalin Polanco,PIT,OF,1,4.42,0.0,50.0,0.0,0.0,100.0,,100.0,100.0
Theo Gillen,TB,OF,2,4.42,0.0,83.3,0.0,0.0,100.0,,50.0,40.0
Matt Scannell,TOR,OF,1,4.42,,100.0,0.0,0.0,,,,0.0
Jacob Humphrey,COL,OF,1,4.42,,100.0,0.0,0.0,,,0.0,20.0
Stanley Tucker,BOS,2B,1,4.42,0.0,50.0,0.0,0.0,100.0,,100.0,100.0
Kai Roberts,SD,OF,1,4.42,,100.0,0.0,0.0,,,,0.0
Freddy Zamora,MIL,SS,4,4.42,0.0,55.6,0.0,0.0,100.0,,80.0,100.0
Hyun Seung Lee,PIT,IF,1,4.42,,100.0,0.0,0.0,,,0.0,33.3
Gabriel Rodriguez,CLE,SS,1,4.42,0.0,50.0,0.0,0.0,100.0,,100.0,100.0
Jacob Jenkins-Cowart,MIA,OF,1,4.42,,50.0,0.0,,100.0,0.0,50.0,200.0
Ryan Mitchell,STL,OF,1,4.42,0.0,66.7,0.0,0.0,100.0,,50.0,100.0
Alex Binelas,PHI,1B,1,4.42,,100.0,0.0,0.0,,,0.0,20.0
Logan Wagner,LAD,3B,1,4.42,0.0,66.7,0.0,0.0,100.0,0.0,100.0,50.0
Josh Hood,SEA,SS,1,4.42,,50.0,0.0,,100.0,,50.0,200.0
Matt Thaiss,BOS,C,1,4.42,,100.0,0.0,0.0,,,0.0,20.0
Walker Martin,SF,3B,1,4.42,,100.0,0.0,0.0,,,,0.0
Damon Keith,LAD,RF,1,4.42,0.0,50.0,0.0,0.0,100.0,,100.0,100.0
Ahbram Liendo,BOS,3B,1,4.42,,100.0,0.0,0.0,,,0.0,25.0
Luke Williams,ATL,SS,1,4.42,,100.0,0.0,0.0,,,,0.0
Dub Gleed,MIA,SS,1,4.42,0.0,50.0,0.0,0.0,100.0,,100.0,100.0
Jay Harry,TOR,2B,1,4.42,0.0,50.0,0.0,,100.0,,50.0,200.0
Francisco Urbaez,CIN,2B,1,4.42,,100.0,0.0,0.0,,,0.0,50.0
Joe Lampe,CLE,OF,2,3.59,0.0,85.7,0.0,16.7,100.0,,50.0,28.6
GJ Hill,COL,OF,3,3.26,0.0,66.7,0.0,33.3,100.0,0.0,50.0,80.0
Merphy Hernandez,MIN,OF,2,3.26,0.0,80.0,0.0,0.0,100.0,,100.0,40.0
Heribert Silva,CLE,OF,2,3.26,,80.0,0.0,0.0,100.0,,100.0,40.0
Darren Baker,CWS,2B,4,3.25,0.0,54.5,0.0,0.0,100.0,,71.4,100.0
Jake Gelof,LAD,3B,2,3.05,0.0,71.4,0.0,16.7,100.0,0.0,100.0,16.7
Vimael Machín,COL,SS,6,3.04,75.0,76.9,33.3,27.3,83.3,50.0,46.2,54.2
Bryson Ware,PHI,OF,1,3.02,0.0,100.0,0.0,20.0,,0.0,0.0,16.7
Dylan Jasso,MIA,1B,1,2.97,,100.0,0.0,33.3,,,0.0,25.0
Natanael Yuten,BOS,CF,1,2.97,0.0,100.0,0.0,0.0,100.0,,100.0,25.0
Kervin Pichardo,WSH,SS,2,2.97,0.0,75.0,0.0,0.0,100.0,0.0,100.0,50.0
Jair Camargo,ATL,C,2,2.96,100.0,50.0,33.3,33.3,66.7,66.7,75.0,57.1
Rowdy Tellez,ATL,1B,11,2.94,40.0,64.5,31.0,29.6,80.0,50.0,60.0,48.1
Jheremy Vargas,MIL,3B,1,2.78,0.0,80.0,0.0,0.0,100.0,,100.0,20.0
Gavin Logan,AZ,C,1,2.78,0.0,80.0,0.0,0.0,100.0,,50.0,40.0
Mike Jarvis,PIT,OF,1,2.78,0.0,80.0,0.0,0.0,100.0,,100.0,20.0
Max Holy,HOU,SS,1,2.75,,100.0,16.7,0.0,,,0.0,50.0
Aaron Zavala,TEX,OF,1,2.74,,100.0,0.0,20.0,,0.0,,0.0
Michael Siani,BAL,CF,1,2.71,0.0,100.0,0.0,25.0,,,,0.0
Shawn Ross,PIT,C,7,2.68,20.0,59.1,23.5,21.4,77.8,33.3,60.0,55.6
Yordan Alvarez,HOU,DH,658,2.5,44.8,66.5,21.2,29.2,91.8,22.8,62.1,43.6
Esmith Pineda,CIN,OF,2,2.49,,66.7,0.0,0.0,100.0,0.0,100.0,66.7
Ramón Rodríguez,MIL,C,1,2.49,,100.0,0.0,0.0,100.0,0.0,100.0,33.3
Brayan Buelvas,ATH,CF,1,2.49,,100.0,0.0,50.0,,0.0,0.0,33.3
Dalton McIntyre,ATL,OF,2,2.42,,80.0,20.0,0.0,100.0,,50.0,40.0
Alfonzo Martinez,TB,OF,1,2.42,,100.0,20.0,0.0,,,0.0,20.0
Yordany De Los Santos,PIT,SS,1,2.42,0.0,80.0,20.0,0.0,100.0,,33.3,60.0
Jett Williams,MIL,SS,2,2.42,,66.7,20.0,0.0,100.0,0.0,50.0,80.0
Josh Rivera,TOR,SS,2,2.42,0.0,80.0,20.0,0.0,100.0,,50.0,40.0
Jesús Bastidas,MIA,SS,4,2.39,0.0,62.5,0.0,0.0,100.0,,83.3,85.7
Payton Green,MIA,2B,1,2.37,0.0,60.0,0.0,0.0,100.0,,100.0,50.0
Leandro Pineda,WSH,OF,1,2.32,,75.0,0.0,25.0,100.0,,100.0,25.0
Drew Swift,ATH,SS,4,1.87,0.0,50.0,0.0,0.0,80.0,50.0,83.3,100.0
James Wood,WSH,RF,621,1.85,65.4,68.3,23.6,21.4,83.4,39.7,56.3,46.1
Brendan Jones,MIA,CF,1,1.82,0.0,83.3,16.7,0.0,100.0,0.0,50.0,28.6
Will Verdung,ATL,1B,3,1.8,,80.0,11.1,12.5,100.0,50.0,50.0,40.0
Juan Soto,NYM,LF,468,1.73,50.4,64.6,20.2,21.0,87.6,20.3,62.8,47.4
Will Robertson,BAL,LF,2,1.68,0.0,50.0,0.0,25.0,100.0,0.0,75.0,66.7
Dauri Fernández,CLE,SS,2,1.64,0.0,71.4,0.0,20.0,100.0,0.0,66.7,37.5
Cade Marlowe,ATH,OF,4,1.63,0.0,83.3,16.7,10.0,100.0,0.0,40.0,38.5
Erick Brito,PHI,SS,1,1.62,0.0,66.7,0.0,50.0,100.0,0.0,50.0,66.7
Corey Collins,NYM,1B,1,1.62,,100.0,0.0,33.3,,,,0.0
Noah Cardenas,MIN,C,1,1.62,0.0,66.7,0.0,0.0,100.0,,100.0,66.7
Andrew Salas,MIA,SS,2,1.52,0.0,100.0,0.0,33.3,100.0,,100.0,25.0
Duncan Pastore,NYY,3B,1,1.52,0.0,100.0,0.0,0.0,100.0,0.0,100.0,50.0
Pete Alonso,BAL,1B,704,1.52,45.2,61.3,22.3,26.7,84.6,32.5,66.1,46.6
Jose Torres,COL,SS,2,1.52,0.0,50.0,0.0,50.0,100.0,,100.0,50.0
Brian Kalmer,CHC,3B,2,1.52,0.0,50.0,0.0,50.0,100.0,,100.0,50.0
Shohei Ohtani,LAD,TWP,610,1.52,49.9,62.7,20.3,30.1,79.8,35.6,65.6,45.9
Larry Martinez,TB,1B,1,1.52,,100.0,0.0,0.0,100.0,,100.0,50.0
Luis Fragoza,MIN,OF,1,1.48,,75.0,0.0,0.0,50.0,,66.7,37.5
Kyle Lodise,CWS,SS,2,1.39,0.0,83.3,16.7,16.7,100.0,,66.7,37.5
Anthony Vilar,SD,C,1,1.38,0.0,80.0,20.0,0.0,100.0,,50.0,33.3
Kendrick Herrera,PIT,3B,1,1.38,0.0,80.0,20.0,0.0,100.0,,50.0,33.3
Elly De La Cruz,CIN,SS,643,1.37,61.8,66.2,26.2,24.9,81.3,36.0,57.8,46.8
Fernando Tatis Jr.,SD,RF,705,1.36,58.1,60.9,21.2,26.3,88.1,31.7,67.4,47.8
Felix Cotes,TB,2B,1,1.35,0.0,100.0,20.0,25.0,,,0.0,33.3
Bobby Boser,ATH,SS,1,1.35,,100.0,20.0,0.0,100.0,,50.0,33.3
Jake Fox,CLE,1B,2,1.32,0.0,70.0,0.0,0.0,75.0,0.0,80.0,50.0
Victor Figueroa,BAL,1B,2,1.31,,87.5,12.5,0.0,50.0,100.0,66.7,30.0
Dom Nuñez,CLE,C,5,1.3,0.0,81.8,10.0,0.0,66.7,50.0,54.5,42.3
Josue De Paula,LAD,DH,42,1.29,63.6,67.5,22.4,18.6,91.1,29.2,61.6,42.9
Aaron Judge,NYY,RF,289,1.27,45.1,64.6,23.0,26.3,80.3,38.6,63.5,45.2
Michael Turner,CWS,C,1,1.26,0.0,100.0,25.0,0.0,100.0,,50.0,40.0
Alfredo Rodriguez,TB,C,1,1.26,0.0,100.0,25.0,0.0,100.0,0.0,50.0,40.0
Korbyn Dickerson,SEA,OF,2,1.26,0.0,75.0,25.0,0.0,100.0,0.0,66.7,60.0
Kai Murphy,SD,OF,3,1.2,0.0,62.5,0.0,0.0,80.0,50.0,83.3,85.7
Ben Rice,NYY,DH,673,1.2,49.2,62.5,22.5,24.6,85.3,31.4,64.0,47.7
Miguel Vargas,CWS,3B,707,1.18,41.6,62.1,17.6,20.8,86.0,19.6,68.8,48.0
Joe Vetrano,LAD,1B,2,1.18,,80.0,0.0,20.0,100.0,,100.0,20.0
Emmanuel Rodriguez,MIN,CF,48,1.17,48.6,56.2,25.3,33.3,80.7,48.9,64.8,49.4
Mike Trout,LAA,CF,630,1.16,48.9,65.4,22.5,20.5,86.9,35.2,61.8,46.4
Jace Jung,DET,3B,17,1.16,21.7,62.0,18.4,15.2,100.0,25.0,69.7,54.1
Will Smith,LAD,C,287,1.1,37.4,61.6,23.4,21.1,90.1,19.3,62.7,49.7
Michael Arroyo,SEA,SS,40,1.08,43.5,53.3,9.4,27.0,88.2,9.7,87.9,47.9
Garrett Howe,CLE,2B,2,1.08,,66.7,33.3,0.0,100.0,,50.0,66.7
Kevin Newman,KC,3B,3,1.08,0.0,88.9,33.3,0.0,100.0,,20.0,41.7
Paul McIntosh,PHI,C,1,1.08,0.0,66.7,33.3,0.0,100.0,,50.0,66.7
Nick Raposo,SEA,C,1,1.08,0.0,66.7,33.3,33.3,,,0.0,33.3
Jayson Bass,MIN,OF,3,1.06,0.0,66.7,0.0,44.4,100.0,0.0,75.0,40.0
Riley Greene,DET,LF,595,1.05,40.1,62.1,17.9,26.0,83.7,37.6,68.9,47.2
Junior Caminero,TB,3B,693,1.03,47.7,66.4,19.4,30.5,87.1,28.2,63.1,43.2
Juan Baez,MIL,3B,5,1.03,0.0,77.8,12.5,14.3,100.0,0.0,71.4,53.8
Arjun Nimmala,TOR,SS,3,1.0,0.0,85.7,25.0,16.7,100.0,0.0,40.0,50.0
Jack Hurley,AZ,OF,2,0.99,0.0,80.0,20.0,20.0,100.0,0.0,50.0,28.6
Nick Kurtz,ATH,1B,431,0.98,51.8,65.0,19.4,23.4,77.4,38.6,66.4,45.9
Casey Schmitt,SF,LF,412,0.97,35.4,54.1,21.4,36.0,90.5,29.7,71.4,49.8
Tyler Wade,TEX,2B,4,0.96,0.0,80.0,20.0,30.0,100.0,0.0,50.0,42.9
Nolan Schubart,CLE,1B,3,0.96,0.0,71.4,16.7,18.2,66.7,0.0,50.0,40.0
Bobby Witt Jr.,KC,SS,626,0.95,42.8,60.3,22.5,33.9,88.7,28.5,67.0,44.6
Jake Bauers,MIL,1B,581,0.95,50.6,64.1,22.0,21.6,84.5,37.8,61.8,47.0
Harry Genth,MIN,SS,1,0.93,0.0,83.3,0.0,25.0,100.0,,33.3,42.9
Jefferson Rojas,CHC,SS,4,0.92,0.0,33.3,0.0,0.0,100.0,0.0,100.0,125.0
Noah Mendlinger,STL,2B,1,0.92,0.0,66.7,0.0,0.0,100.0,,100.0,50.0
Eduardo Valencia,DET,DH,136,0.92,40.4,53.2,19.9,35.2,82.4,30.8,72.5,49.0
Oneil Cruz,PIT,CF,426,0.89,56.1,67.6,24.7,29.8,78.8,43.7,57.7,44.5
Jonny McGill,LAA,OF,1,0.87,0.0,100.0,0.0,50.0,,0.0,,0.0
Austin St. Laurent,SEA,2B,2,0.87,0.0,57.1,0.0,20.0,100.0,,100.0,42.9
Josh Kasevich,TOR,SS,3,0.85,0.0,70.0,12.5,12.5,100.0,0.0,83.3,46.2
Yohandy Morales,WSH,1B,47,0.85,52.9,57.6,14.9,33.0,77.4,36.7,72.9,44.5
Clark Elliott,ATH,OF,4,0.84,0.0,90.9,23.1,11.1,0.0,100.0,16.7,40.0
Dylan O'Rae,MIL,2B,5,0.84,0.0,71.4,16.7,20.0,100.0,0.0,71.4,70.0
Kyle Schwarber,PHI,DH,699,0.83,47.0,63.0,20.1,26.4,80.2,38.5,66.1,45.2
Bryce Eldridge,SF,DH,447,0.82,47.0,63.9,22.5,24.6,84.0,38.0,64.7,46.3
Alec Burleson,STL,1B,673,0.82,41.3,56.8,19.6,38.2,84.5,23.0,72.6,45.0
Will Wilson,SEA,3B,8,0.81,28.6,59.3,0.0,30.0,83.3,57.1,85.7,41.2
Garrett Mitchell,MIL,CF,532,0.8,56.0,61.6,23.1,22.7,77.2,42.5,66.4,48.9
Matt Olson,ATL,1B,703,0.78,34.4,61.0,21.7,27.9,84.4,27.5,66.7,48.8
Curtis Mead,BOS,3B,334,0.77,40.0,66.1,23.3,24.8,91.8,23.3,57.7,47.5
Logan Porter,LAA,C,6,0.77,60.0,68.4,31.6,18.8,83.3,33.3,50.0,42.9
Jac Caglianone,KC,RF,552,0.77,46.8,56.7,21.4,39.4,84.5,33.3,73.0,44.7
Shea Langeliers,ATH,C,467,0.76,37.7,60.2,17.5,33.0,83.9,31.8,71.8,44.8
Kade Snell,CHC,OF,5,0.74,0.0,64.3,18.2,11.1,100.0,,66.7,56.2
Mickey Gasper,BOS,DH,232,0.73,51.1,65.3,23.3,21.2,94.3,25.3,57.7,48.0
Leo Bernal,STL,C,98,0.73,43.0,59.2,24.5,30.3,86.4,32.9,67.0,47.1
Josh Wakefield,HOU,OF,2,0.73,0.0,80.0,11.1,22.2,100.0,,60.0,35.7
Ronald Acuña Jr.,ATL,RF,475,0.73,41.3,59.3,15.5,28.7,80.5,30.0,75.6,44.3
Pete Crow-Armstrong,CHC,CF,726,0.72,40.9,58.3,22.5,34.3,85.0,27.8,68.8,46.1
Rafael Flores Jr.,PIT,C,159,0.72,45.9,59.9,28.5,27.4,79.9,35.3,61.1,51.9
Chase DeLauter,CLE,RF,565,0.72,43.7,63.4,21.2,20.9,92.9,17.8,65.3,47.7
Drake Baldwin,ATL,C,624,0.71,39.9,57.3,20.8,34.2,85.4,30.4,70.7,46.7
Junior Perez,CWS,CF,36,0.64,34.4,53.0,22.1,28.8,73.1,50.0,71.2,52.5
Daz Cameron,TOR,LF,25,0.64,23.3,57.6,17.4,30.2,86.1,25.0,69.2,54.7
Roman Anthony,BOS,LF,253,0.63,57.7,64.2,27.8,22.7,84.8,37.9,55.2,50.4
Nathan Archer,CWS,OF,3,0.62,0.0,66.7,9.1,0.0,60.0,,83.3,40.0
Gage Workman,SD,3B,41,0.62,26.3,53.8,16.7,42.5,83.9,42.6,80.0,46.7
Jarred Kelenic,TEX,RF,86,0.61,53.6,63.0,21.1,28.9,81.4,47.7,63.0,45.2
Esmerlyn Valdez,PIT,RF,287,0.61,51.2,64.3,20.4,21.0,71.8,42.4,64.8,46.3
Kole Myers,LAD,OF,3,0.6,0.0,42.9,0.0,0.0,75.0,100.0,100.0,100.0
Heriberto Hernández,MIA,LF,505,0.59,48.2,61.1,19.8,23.7,79.4,39.4,69.8,46.5
Bryan Lavastida,ATH,C,2,0.59,0.0,75.0,14.3,14.3,100.0,33.3,66.7,33.3
Edouard Julien,COL,2B,289,0.58,48.7,62.4,21.8,18.2,85.9,36.0,62.4,50.7
Juan Benjamin,CLE,3B,4,0.57,0.0,60.0,14.3,25.0,100.0,,80.0,55.6
Griffin Conine,MIA,RF,324,0.57,49.4,61.2,21.8,33.4,77.9,45.0,68.1,44.6
Dominic Canzone,SEA,DH,538,0.57,47.4,61.3,25.4,34.8,85.6,32.6,62.0,46.6
Dillon Dingler,DET,C,617,0.57,40.0,59.0,23.8,33.2,90.6,31.6,65.0,47.2
Josh Jung,TEX,3B,452,0.56,48.1,58.7,23.4,29.1,91.4,24.1,67.1,48.2
Juan Matheus,MIA,SS,4,0.55,0.0,84.6,26.7,20.0,100.0,0.0,30.0,52.6
Jackson Chourio,MIL,LF,575,0.55,43.8,59.9,24.3,33.6,86.9,27.6,63.3,47.5
Freddie Freeman,LAD,1B,662,0.54,37.7,58.5,17.1,29.4,84.7,24.8,73.0,47.2
Yandy Díaz,TB,DH,693,0.54,37.1,58.2,22.4,29.0,91.2,12.3,67.4,49.1
Willson Contreras,BOS,1B,543,0.53,46.3,61.3,21.1,33.8,83.4,39.3,67.6,44.1
Colt Keith,DET,3B,433,0.52,45.8,61.3,23.2,24.2,87.9,32.9,63.1,50.2
Luis García Jr.,NYY,1B,556,0.51,36.3,57.9,21.1,38.4,90.7,24.0,70.5,44.8
Mason Lytle,HOU,OF,1,0.51,0.0,66.7,0.0,0.0,50.0,,100.0,33.3
Corey Seager,TEX,SS,437,0.51,43.0,58.2,12.9,28.5,81.5,36.0,82.5,44.3
Munetaka Murakami,CWS,1B,551,0.51,55.9,64.8,22.2,22.1,69.3,45.2,62.1,46.7
Bryce Harper,PHI,1B,693,0.51,46.7,61.0,16.6,32.6,82.7,34.2,73.2,43.1
Nathan Martorella,MIA,1B,4,0.51,0.0,81.8,18.2,11.1,100.0,,57.1,46.7
Kevin McGonigle,DET,SS,712,0.49,41.2,61.2,21.4,19.7,90.7,22.0,66.8,49.2
Carson Benge,NYM,RF,658,0.48,40.3,59.7,24.3,27.7,87.6,27.5,63.5,49.9
Seiya Suzuki,CHC,RF,629,0.48,40.6,63.7,25.1,22.5,88.6,29.3,59.6,47.6
Daniel Vazquez,KC,SS,2,0.47,0.0,66.7,33.3,33.3,100.0,0.0,50.0,50.0
Sam Petersen,WSH,OF,2,0.47,0.0,85.7,14.3,0.0,66.7,,50.0,60.0
Luis Castillo,MIL,OF,2,0.47,0.0,100.0,33.3,25.0,100.0,0.0,25.0,50.0
Kellon Lindsey,LAD,2B,4,0.47,0.0,66.7,11.1,11.1,83.3,0.0,85.7,50.0
Dillon Lewis,MIA,OF,1,0.47,0.0,100.0,33.3,0.0,100.0,,50.0,50.0
Lars Nootbaar,AZ,LF,327,0.47,50.4,65.8,29.8,20.3,88.5,23.1,53.7,50.7
Brice Turang,MIL,2B,681,0.46,39.4,61.1,24.1,24.8,84.6,25.0,62.5,49.4
Coby Mayo,BAL,3B,462,0.46,36.0,61.5,23.7,31.3,84.7,39.9,63.9,47.0
Gabriel Moreno,AZ,C,553,0.46,41.5,64.2,27.8,28.7,92.1,18.6,55.2,46.9
Jackson Merrill,SD,CF,666,0.45,34.4,54.8,17.4,37.8,84.0,27.6,78.1,45.9
Bryan Reynolds,PIT,LF,700,0.44,50.3,59.8,19.8,24.5,86.5,34.2,70.2,48.2
Jonathan Aranda,TB,1B,672,0.44,36.9,59.5,23.1,29.2,85.2,19.1,66.2,47.8
Sal Stewart,CIN,1B,705,0.42,38.5,58.8,19.5,31.9,81.5,23.8,69.0,47.5
Alan Roden,MIN,RF,98,0.42,46.2,60.5,22.3,25.4,92.2,20.6,66.7,49.6
Ariel Armas,CHC,C,1,0.42,0.0,75.0,40.0,0.0,100.0,0.0,33.3,60.0
Jack Pineda,KC,SS,2,0.42,0.0,100.0,0.0,50.0,100.0,0.0,100.0,20.0
Wilyer Abreu,BOS,RF,687,0.41,34.9,59.3,20.5,29.7,85.2,25.1,67.9,46.6
Randal Grichuk,CWS,DH,285,0.41,36.3,54.4,23.9,36.2,88.9,33.7,69.7,49.0
Jordan Walker,STL,RF,669,0.4,49.5,58.8,20.4,35.8,81.1,38.3,71.2,46.1
Max Muncy,LAD,3B,561,0.4,41.9,61.5,22.7,25.7,84.0,36.3,65.5,47.9
Kyle West,NYY,1B,2,0.39,0.0,57.1,20.0,25.0,100.0,0.0,60.0,62.5
Nathaniel Lowe,CLE,1B,432,0.39,35.0,59.9,24.5,27.2,89.6,24.9,65.6,49.6
JJ Wetherholt,STL,2B,623,0.39,45.9,61.3,23.5,21.1,87.6,19.2,63.1,49.9
Blaze Alexander,BAL,3B,295,0.38,36.9,51.1,16.2,30.8,83.4,30.9,81.9,49.7
Connor Joe,SEA,RF,55,0.38,32.2,64.6,25.7,26.9,82.4,34.1,55.7,48.2
Andrew Pinckney,WSH,LF,29,0.38,61.9,61.6,29.7,18.5,77.1,42.1,63.6,50.5
Mookie Betts,LAD,SS,535,0.38,41.5,61.0,26.6,20.2,95.2,19.9,61.4,50.8
Carlos Correa,HOU,SS,143,0.38,43.4,62.3,24.8,31.5,84.9,32.3,61.9,44.7
Trent Grisham,NYY,CF,492,0.36,43.7,62.8,25.8,19.0,89.2,27.8,59.0,50.3
Nelson Velázquez,HOU,LF,116,0.34,43.6,56.6,23.5,31.9,78.9,43.2,67.3,49.2
Sam Antonacci,CWS,LF,557,0.34,42.9,60.8,24.5,21.8,91.7,15.4,62.8,50.3
Jhonny Pereda,SEA,C,97,0.33,36.6,58.4,17.6,25.5,81.9,24.7,72.0,49.5
Charlie Szykowny,SF,1B,4,0.33,0.0,60.0,14.3,37.5,100.0,0.0,66.7,50.0
Byron Buxton,MIN,CF,415,0.33,40.7,56.8,18.2,33.9,85.1,35.2,73.9,46.2
Justin Foscue,TEX,2B,252,0.33,35.0,57.4,25.3,28.2,88.0,23.7,62.6,52.5
Spencer Steer,CIN,1B,396,0.33,43.0,59.6,24.0,26.1,86.6,24.8,65.4,49.5
Ketel Marte,AZ,2B,625,0.32,42.6,59.8,21.5,31.4,90.6,26.5,67.8,46.9
Ryan Jeffers,MIN,C,374,0.32,38.2,65.1,25.9,26.5,91.0,25.2,56.0,47.6
Adley Rutschman,BOS,C,414,0.32,38.5,65.9,23.8,25.6,91.4,18.9,57.2,47.2
Endy Rodríguez,PIT,C,159,0.32,47.0,62.4,22.8,26.1,88.0,29.8,64.4,48.7
Bryant Betancourt,COL,C,2,0.32,0.0,25.0,0.0,0.0,100.0,0.0,100.0,150.0
Joshua Mears,SD,RF,1,0.32,,33.3,0.0,0.0,100.0,0.0,100.0,100.0
Teoscar Hernández,LAD,LF,497,0.3,41.7,60.5,21.7,30.9,79.3,41.1,66.7,46.7
Andy Pages,LAD,CF,579,0.3,37.9,61.1,22.1,31.6,90.8,25.3,65.7,45.6
Brandon Nimmo,TEX,RF,660,0.29,37.4,54.0,22.0,28.9,85.3,24.8,72.4,51.2
Josh Bell,MIN,DH,635,0.28,35.0,60.7,19.0,29.7,86.5,25.7,71.2,45.7
Giancarlo Stanton,NYY,DH,102,0.28,36.1,65.9,24.4,30.6,76.3,44.7,62.4,46.2
Rafael Devers,SF,1B,633,0.28,37.4,59.4,23.5,30.1,77.5,24.7,66.4,47.7
Jordan Lawlar,AZ,CF,142,0.27,41.4,60.0,22.0,26.6,84.3,28.8,67.7,48.0
Dalton Rushing,LAD,C,258,0.27,41.6,58.7,21.5,29.6,79.1,34.4,69.4,47.5
Taylor Ward,SEA,DH,608,0.27,52.8,67.0,26.9,15.0,88.8,23.1,54.0,49.8
Michael Harris II,ATL,CF,630,0.25,39.0,54.6,23.4,45.0,91.0,29.0,70.2,45.7
Jack Suwinski,LAD,CF,4,0.24,0.0,72.2,0.0,31.2,100.0,14.3,71.4,30.4
Mason McCoy,SD,2B,5,0.23,0.0,63.6,22.2,20.0,100.0,0.0,50.0,83.3
Jason Schiavone,HOU,C,2,0.23,0.0,66.7,14.3,33.3,50.0,,40.0,50.0
Tyler Stephenson,CIN,C,477,0.23,41.8,59.1,23.5,22.1,87.7,33.1,66.8,50.8
Ruben Ibarra,CIN,1B,3,0.23,0.0,87.5,22.2,16.7,100.0,,33.3,50.0
Ben McLaughlin,AZ,1B,7,0.23,0.0,83.3,34.8,12.5,100.0,0.0,25.0,48.0
Randy Martinez,CLE,2B,2,0.22,0.0,33.3,0.0,50.0,100.0,,100.0,100.0
William Contreras,MIL,C,647,0.22,42.1,59.9,20.1,28.4,88.9,26.5,67.9,47.9
Luke Raley,SEA,RF,292,0.22,45.5,55.1,19.9,34.3,73.7,47.6,76.4,46.0
RJ Schreck,TOR,LF,1,0.22,0.0,50.0,0.0,0.0,100.0,0.0,100.0,100.0
Corbin Carroll,AZ,RF,673,0.22,43.3,61.2,23.7,30.0,81.3,24.2,64.2,45.7
D'Andre Smith,NYM,OF,1,0.22,0.0,50.0,0.0,50.0,100.0,0.0,100.0,50.0
Carter Jensen,KC,C,609,0.21,38.4,61.6,20.5,24.2,83.8,27.8,67.5,47.4
Eddie Rynders,PIT,SS,1,0.21,,80.0,20.0,0.0,0.0,,50.0,33.3
Jose Monzon,TB,3B,2,0.21,0.0,66.7,20.0,0.0,50.0,50.0,66.7,50.0
Max Clark,DET,CF,201,0.2,40.9,60.1,22.2,28.6,93.1,25.9,63.5,49.7
Ryan Vilade,TB,RF,284,0.2,33.0,57.7,20.3,27.7,86.2,27.6,70.8,49.4
A.J. Ewing,NYM,CF,486,0.2,41.8,59.3,22.9,26.8,85.1,34.9,67.6,47.8
Brady House,WSH,3B,357,0.2,45.3,58.9,22.9,34.5,81.8,34.3,70.7,45.4
Andrew Vaughn,MIL,1B,338,0.19,48.9,65.9,25.0,23.6,89.4,28.6,55.1,47.6
P.J. Higgins,CIN,C,40,0.18,38.7,63.8,26.0,16.0,89.8,30.8,60.5,51.6
Jordan Nwogu,CHC,OF,4,0.18,0.0,58.3,12.5,12.5,100.0,100.0,83.3,50.0
Zack Gelof,ATH,3B,430,0.18,41.6,58.3,22.6,25.1,77.6,31.1,67.4,51.1
John Rave,KC,RF,163,0.18,44.2,63.9,23.2,27.9,86.1,29.7,57.9,48.4
Spencer Torkelson,DET,1B,621,0.17,42.0,62.4,20.6,21.6,82.4,41.7,65.1,48.0
Kyle Karros,COL,3B,477,0.17,41.6,63.3,20.9,25.0,88.9,39.8,67.3,45.8
Lawrence Butler,ATH,RF,540,0.16,39.6,60.1,21.8,24.9,82.3,31.8,68.3,48.4
Jahmai Jones,BOS,DH,185,0.15,46.9,57.6,20.9,30.0,77.4,40.7,71.6,46.5
Kody Clemens,MIN,2B,587,0.15,38.1,56.8,24.1,32.5,85.3,25.7,67.9,48.8
Heliot Ramos,NYY,LF,446,0.15,38.8,56.4,23.8,33.4,86.0,29.2,69.0,47.9
Kazuma Okamoto,TOR,3B,640,0.15,37.0,58.5,21.4,27.4,80.6,34.7,67.7,48.8
Will Benson,CIN,RF,125,0.14,40.8,63.2,14.7,22.0,74.7,43.6,68.3,48.5
Drew Gilbert,SF,CF,395,0.14,43.4,62.0,24.4,25.5,90.0,26.2,59.2,48.8
Jacob Hurtubise,MIL,LF,4,0.14,0.0,72.7,20.0,22.2,100.0,50.0,57.1,46.7
Spencer Jones,NYY,CF,292,0.12,33.9,58.0,16.0,35.2,75.2,44.2,77.0,43.0
Tyler Soderstrom,ATH,LF,455,0.12,42.7,60.3,20.4,25.8,89.2,31.0,67.9,47.5
Bo Naylor,MIL,C,107,0.12,27.5,64.1,22.3,25.2,93.8,24.0,65.3,47.5
Michael Conforto,CHC,DH,315,0.12,37.2,58.2,25.0,27.1,87.3,36.0,65.3,48.3
Maikel Garcia,KC,3B,350,0.11,44.9,64.6,27.0,23.3,93.2,20.2,55.0,50.0
Joey Wiemer,WSH,RF,91,0.11,44.4,67.2,23.6,25.9,84.0,36.1,59.5,45.5
Randy Arozarena,SEA,LF,674,0.11,46.5,61.2,22.4,30.4,79.0,25.2,63.1,46.7
JJ Bleday,CIN,LF,540,0.11,41.3,58.7,20.5,22.9,84.0,35.8,70.0,49.4
Vinnie Pasquantino,KC,1B,481,0.1,35.6,63.2,21.9,30.6,92.0,21.5,66.1,45.0
Nolan Schanuel,LAA,1B,457,0.09,43.6,62.4,23.4,26.7,93.1,24.7,61.9,48.8
Bryce Eblin,CWS,2B,2,0.08,0.0,71.4,16.7,37.5,100.0,0.0,66.7,30.0
Kyle Stowers,MIA,1B,509,0.08,42.6,57.8,16.3,33.6,79.1,41.0,76.6,45.0
Julio Rodríguez,SEA,CF,656,0.07,40.1,59.5,22.2,38.3,86.6,34.4,69.0,44.5
Yonny Hernández,NYM,SS,3,0.07,0.0,44.4,20.0,25.0,100.0,0.0,71.4,87.5
Justin Dean,CHC,CF,10,0.07,41.7,51.9,12.5,38.1,69.2,50.0,81.2,43.2
Christian Bethancourt,CHC,C,2,0.07,0.0,100.0,0.0,42.9,,100.0,,0.0
Francisco Alvarez,NYM,C,422,0.07,43.4,62.0,24.3,31.9,80.0,36.7,61.8,45.3
Owen Caissie,MIA,RF,335,0.06,39.8,61.8,22.8,29.9,80.3,44.2,64.5,46.5
Mario Camilletti,CWS,3B,1,0.06,0.0,66.7,0.0,0.0,66.7,50.0,75.0,57.1
Alex Verdugo,SD,LF,6,0.05,0.0,63.6,26.3,26.7,83.3,0.0,42.9,51.9
Lane Thomas,ATL,LF,382,0.05,40.7,61.9,23.9,20.9,86.3,29.4,62.7,49.2
Drew Compton,ATL,3B,2,0.05,0.0,80.0,20.0,25.0,100.0,100.0,33.3,50.0
Vladimir Guerrero Jr.,TOR,1B,610,0.04,42.5,61.3,20.9,30.5,88.7,25.0,67.1,45.5
Tim Tawa,AZ,1B,356,0.04,41.3,59.5,19.3,31.4,81.4,37.7,69.0,47.2
Alec Bohm,PHI,3B,632,0.04,37.8,59.9,24.0,25.7,90.2,21.4,66.5,49.8
Tyler Locklear,AZ,1B,42,0.03,37.5,52.7,19.8,27.1,80.6,18.6,72.1,50.3
Enrique Bradfield Jr.,BAL,OF,5,0.03,,88.2,31.8,6.2,50.0,100.0,22.2,36.0
Seby Zavala,LAD,C,2,0.03,0.0,83.3,16.7,20.0,50.0,0.0,50.0,44.4
Gary Sánchez,MIL,C,270,0.03,55.7,69.2,25.9,22.2,82.8,37.3,51.4,47.1
Michael Stefanic,ATH,2B,37,0.03,27.9,62.9,31.2,25.3,91.8,16.0,57.0,53.1
Turner Hill,SF,LF,122,0.03,47.3,62.3,25.3,19.5,93.1,21.1,58.5,51.0
Gleyber Torres,DET,2B,427,0.02,38.9,61.7,19.9,18.9,85.6,23.9,66.7,49.0
Joc Pederson,TEX,DH,438,0.01,42.8,60.5,24.0,30.2,81.1,31.5,64.5,48.6
Caden Kendle,MIN,OF,3,0.0,0.0,55.6,16.7,10.0,87.5,33.3,72.7,57.9
Michael Busch,CHC,1B,713,0.0,47.8,62.2,22.4,25.0,85.8,37.6,64.5,47.7
Daniel Vellojin,TB,C,3,0.0,0.0,53.8,0.0,33.3,100.0,0.0,66.7,69.2
Manny Machado,SD,3B,679,-0.01,37.1,59.6,20.0,30.3,85.4,29.8,67.5,47.2
Carter Johnson,MIA,SS,2,-0.01,0.0,55.6,0.0,0.0,75.0,0.0,100.0,44.4
Ian Happ,CHC,LF,636,-0.01,39.9,62.3,21.3,23.5,80.8,33.2,65.0,47.7
Jace LaViolette,CLE,OF,5,-0.01,0.0,64.7,35.3,9.1,100.0,0.0,46.2,61.9
Otto Lopez,MIA,SS,692,-0.02,44.9,60.3,24.6,31.5,91.8,25.3,62.2,48.9
Hunter Feduccia,LAD,C,253,-0.02,41.2,63.6,25.3,24.5,84.6,32.1,61.4,47.4
Brent Rooker,ATH,DH,206,-0.02,38.8,58.4,20.1,31.4,77.5,49.7,70.7,46.7
Brett Baty,NYM,3B,475,-0.03,39.2,58.1,20.5,28.6,83.0,36.8,69.0,49.9
Wade Meckler,LAA,LF,335,-0.03,49.4,60.9,22.6,23.0,89.5,29.3,65.9,49.2
Luis Vázquez,BAL,SS,4,-0.03,0.0,72.7,0.0,36.4,66.7,33.3,75.0,28.6
Jared Young,NYM,1B,350,-0.03,41.5,60.3,18.9,28.0,85.7,28.5,69.8,46.9
Lucas Spence,HOU,CF,58,-0.03,53.8,63.6,16.5,27.5,69.2,48.9,73.6,46.9
George Lombard Jr.,NYY,SS,166,-0.03,38.3,58.5,22.8,27.2,82.9,24.8,66.2,50.4
Dylan Beavers,BAL,LF,362,-0.03,36.0,62.1,23.3,23.7,84.3,30.5,60.5,49.7
Maick Collado,CLE,3B,2,-0.05,,100.0,20.0,33.3,0.0,50.0,50.0,25.0
J.P. Crawford,SEA,SS,485,-0.05,43.3,64.6,26.0,19.5,89.3,20.3,56.4,50.8
Nick Morabito,NYM,LF,46,-0.06,61.3,64.9,28.7,33.7,73.2,31.0,50.6,46.8
Braiden Ward,BOS,CF,6,-0.06,0.0,80.0,33.3,21.4,75.0,0.0,36.4,45.8
Marcell Ozuna,PIT,DH,288,-0.06,37.6,64.9,21.9,27.0,82.2,43.5,61.5,46.1
Kyle Tucker,LAD,RF,633,-0.06,38.8,58.3,16.5,23.9,87.9,26.1,73.9,48.9
Tommy Pham,CWS,DH,31,-0.07,60.0,61.6,25.4,24.2,81.1,46.2,60.7,49.6
Gunnar Henderson,BAL,SS,709,-0.07,38.7,59.9,21.6,30.3,87.8,26.3,66.4,47.9
Brandon Lowe,PIT,2B,660,-0.07,42.9,57.3,20.2,33.7,81.0,39.2,70.9,45.9
Xander Bogaerts,SD,SS,610,-0.07,58.1,64.3,23.0,22.9,86.5,32.8,61.2,49.0
Josiah Hartshorn,CHC,1B,3,-0.08,0.0,72.7,27.3,12.5,66.7,0.0,42.9,46.7
José Ramírez,CLE,3B,544,-0.08,36.1,62.0,20.9,28.4,92.8,16.0,65.1,45.9
Yohendrick Piñango,TOR,LF,180,-0.08,32.3,57.7,22.7,35.2,83.9,30.1,67.1,49.1
Drew Cavanaugh,SF,C,162,-0.08,41.4,59.0,21.3,27.2,85.0,33.7,67.6,48.0
Lazaro Montes,SEA,RF,58,-0.08,34.0,56.9,24.4,26.8,71.3,43.5,69.6,49.6
Wyatt Langford,TEX,LF,475,-0.09,36.4,59.9,20.0,25.8,85.3,29.5,68.4,48.3
Cody Bellinger,NYY,LF,572,-0.09,41.2,60.0,24.7,30.4,88.7,25.4,65.0,48.8
Jake Munroe,LAA,3B,2,-0.1,0.0,66.7,0.0,33.3,100.0,0.0,100.0,60.0
Francisco Lindor,NYM,SS,472,-0.1,40.0,62.8,21.4,29.6,85.8,28.6,66.8,45.1
Christian Yelich,MIL,DH,502,-0.1,41.2,60.3,21.3,24.4,81.8,37.6,68.2,48.5
Bo Bichette,NYM,3B,699,-0.1,33.9,56.1,25.0,40.7,91.6,25.0,67.2,46.1
Bryson Stott,PHI,2B,612,-0.1,39.2,63.8,28.2,30.2,90.7,18.3,54.9,47.8
Jeremy Peña,HOU,SS,477,-0.1,45.7,56.0,17.8,39.0,84.3,42.9,74.4,45.5
Colton Cowser,BAL,CF,399,-0.11,42.1,63.7,24.3,29.5,80.6,40.8,59.9,47.7
Ben Malgeri,DET,RF,139,-0.12,46.9,60.2,22.9,23.9,84.2,36.2,66.8,48.5
Nick Sogard,BOS,2B,273,-0.12,40.6,65.5,25.2,24.7,88.8,25.0,56.9,48.0
Luis Robert Jr.,BAL,CF,237,-0.12,39.9,61.5,18.4,32.2,86.1,35.3,70.8,45.3
Geraldo Perdomo,AZ,SS,685,-0.12,40.8,64.8,26.0,20.8,91.8,12.3,56.4,50.6
Daniel Bucciero,ATH,3B,2,-0.13,0.0,40.0,33.3,0.0,100.0,0.0,75.0,100.0
Nate Baez,BOS,C,1,-0.13,0.0,66.7,33.3,0.0,100.0,,50.0,50.0
Victor Mesa Jr.,TB,RF,258,-0.13,35.2,54.5,19.0,34.6,83.7,24.5,76.9,47.8
Hunter Goodman,COL,C,581,-0.13,34.6,56.4,19.9,40.2,80.6,39.9,73.6,43.0
Dane Myers,CIN,CF,345,-0.13,42.3,61.3,24.9,25.3,84.0,20.9,61.7,48.5
Alex Freeland,LAD,2B,280,-0.14,43.2,64.3,24.2,21.3,81.7,38.2,59.9,48.6
Ryan O'Hearn,PIT,RF,456,-0.14,40.7,59.3,24.8,31.5,88.1,29.2,64.0,48.1
Jakey Josepha,AZ,CF,3,-0.15,0.0,70.0,12.5,33.3,100.0,50.0,60.0,38.5
Cam Smith,HOU,RF,566,-0.16,36.8,58.8,21.7,29.7,82.2,41.2,69.3,47.5
Daylen Lile,WSH,LF,656,-0.17,33.5,53.8,18.8,38.4,88.2,25.0,76.0,46.2
Andrés Chaparro,WSH,1B,233,-0.17,40.1,59.8,16.8,31.7,80.9,42.9,72.6,44.2
Owen Miller,CHC,2B,4,-0.17,0.0,83.3,9.1,18.2,50.0,66.7,50.0,26.7
Yolmer Sánchez,LAA,3B,7,-0.17,0.0,70.4,13.6,21.7,66.7,33.3,69.2,38.2
Jo Adell,CLE,RF,663,-0.18,35.4,55.9,19.9,35.6,85.1,34.2,73.8,46.3
CJ Abrams,WSH,SS,655,-0.18,38.9,58.5,21.6,36.8,83.9,34.1,69.0,45.4
Owen Ayers,CHC,C,2,-0.18,0.0,50.0,33.3,0.0,100.0,,75.0,100.0
Patrick Bailey,CLE,C,349,-0.19,37.8,57.3,22.2,31.2,84.9,31.9,69.8,48.1
Steven Kwan,CLE,LF,645,-0.19,38.9,64.8,30.1,19.4,96.7,11.5,51.2,50.8
Alex Bregman,CHC,3B,705,-0.19,40.2,62.2,25.2,23.4,91.7,24.7,60.2,49.7
Samuel Basallo,BAL,C,405,-0.19,40.9,61.4,21.3,39.2,82.9,34.3,69.4,43.4
Jakob Marsee,MIA,CF,622,-0.2,43.8,63.9,23.9,22.3,91.3,30.3,60.1,49.3
TJ Rumfield,COL,1B,642,-0.2,37.7,61.5,17.1,30.2,93.1,25.5,70.6,45.1
Walker Jenkins,MIN,CF,89,-0.2,37.0,58.8,21.8,25.1,82.8,22.1,72.0,49.2
Liam Hicks,TB,C,556,-0.2,42.7,64.1,22.8,26.7,96.8,18.6,58.8,47.1
Charles Davalan,LAD,OF,2,-0.2,0.0,85.7,0.0,28.6,0.0,66.7,66.7,30.0
Ryan Waldschmidt,AZ,CF,288,-0.2,44.0,60.6,25.6,24.7,82.9,42.2,62.2,50.2
Mike Yastrzemski,ATL,LF,412,-0.21,37.4,62.5,26.3,26.1,86.2,22.4,58.8,49.1
Henry Bolte,ATH,CF,474,-0.21,52.0,57.6,19.8,28.5,81.5,41.2,73.4,47.9
Samad Taylor,SD,LF,172,-0.21,51.2,61.4,27.4,30.3,80.5,32.5,58.8,47.9
Brandon Marsh,PHI,LF,567,-0.22,35.3,55.8,22.5,36.1,88.8,32.3,69.1,48.0
Christian Encarnacion-Strand,BAL,3B,212,-0.23,32.1,51.0,19.6,46.4,82.7,33.8,75.9,46.1
Hao-Yu Lee,DET,2B,359,-0.23,38.7,58.0,22.8,29.0,84.5,28.0,66.0,48.5
Payton Henry,NYY,C,6,-0.23,0.0,60.0,33.3,28.6,80.0,0.0,55.6,75.0
Eugenio Suárez,CIN,DH,509,-0.24,41.1,60.9,22.5,28.2,81.1,45.8,65.8,46.9
Ryan Ward,LAD,LF,60,-0.24,25.0,51.1,24.6,32.1,83.5,11.5,77.1,46.8
Austin Murr,PHI,LF,1,-0.25,0.0,50.0,0.0,0.0,100.0,0.0,100.0,66.7
Paul Goldschmidt,NYY,1B,388,-0.25,35.1,59.3,23.2,32.0,79.4,26.9,65.2,48.8
Brendan Summerhill,TB,OF,2,-0.25,0.0,33.3,0.0,50.0,100.0,,100.0,66.7
Ryan Jackson,SD,2B,5,-0.25,0.0,60.0,25.0,28.6,100.0,20.0,62.5,66.7
Alec Briley,CWS,3B,2,-0.25,0.0,33.3,0.0,0.0,100.0,0.0,100.0,100.0
Joe Mack,MIA,C,330,-0.26,40.2,56.9,22.2,28.0,84.8,34.8,68.7,49.2
Omar Alfonzo,PIT,C,2,-0.26,0.0,60.0,0.0,14.3,80.0,50.0,100.0,50.0
Cole Carrigg,COL,CF,366,-0.26,35.2,57.1,18.8,36.1,86.4,31.9,74.1,45.3
J.T. Realmuto,PHI,C,470,-0.26,40.3,60.1,23.9,29.9,85.8,30.1,64.7,48.6
Austin Riley,ATL,3B,637,-0.26,37.0,60.2,22.1,32.4,81.8,35.4,68.3,45.4
Cole Young,SEA,2B,645,-0.26,36.4,57.3,23.4,30.3,87.6,22.2,66.8,49.0
Jung Hoo Lee,SF,RF,584,-0.26,39.2,58.0,24.9,30.9,94.8,11.7,64.1,50.5
Adolis García,PHI,RF,267,-0.27,40.5,63.1,21.9,29.6,81.9,38.3,63.4,46.2
Luis Lara,MIL,RF,213,-0.27,40.7,62.4,26.9,24.7,89.8,19.2,61.7,46.9
Brock Jones,TB,OF,1,-0.27,0.0,80.0,0.0,33.3,100.0,50.0,100.0,14.3
Iván Herrera,STL,DH,712,-0.28,44.7,60.8,26.1,28.3,88.6,28.8,61.7,47.9
Kyle Manzardo,CLE,1B,367,-0.28,35.4,59.3,23.6,30.7,81.9,36.2,64.2,47.9
Xavier Edwards,MIA,2B,596,-0.28,39.4,62.4,20.6,24.3,88.4,24.4,65.5,47.3
Daniel Johnson,HOU,CF,17,-0.28,57.1,62.2,23.3,28.1,92.9,28.6,66.7,39.6
Tommy Troy,AZ,LF,143,-0.29,41.2,62.3,24.9,27.7,80.7,39.0,63.1,48.5
Blaze Jordan,STL,3B,199,-0.29,34.7,53.5,21.3,35.7,87.7,25.3,73.4,49.3
Milan Tolentino,CLE,SS,4,-0.29,0.0,69.2,10.0,25.0,75.0,50.0,50.0,57.1
Ramón Laureano,SD,LF,214,-0.29,35.3,57.8,19.7,32.1,82.3,39.7,70.4,46.7
Ryan McMahon,NYY,3B,368,-0.29,36.8,57.9,25.7,28.2,84.3,38.5,63.3,49.8
Jesús Sánchez,AZ,DH,321,-0.29,37.0,56.2,22.2,37.9,81.3,29.5,71.5,46.2
Luke Keaschall,MIN,2B,622,-0.29,40.8,61.2,23.3,22.9,90.7,23.4,63.5,49.3
Trevor Larnach,MIN,LF,445,-0.3,47.2,63.4,24.9,29.7,86.4,39.1,60.3,47.1
Luis Campusano,SD,C,251,-0.31,41.9,59.9,21.2,28.8,86.2,31.3,66.5,47.2
Jacob Young,WSH,CF,475,-0.31,43.6,60.2,27.5,27.3,86.9,28.4,60.5,49.8
Jake Burger,TEX,1B,626,-0.31,42.9,60.0,21.6,35.2,81.5,41.7,66.9,45.0
Abraham Toro,KC,1B,5,-0.31,0.0,66.7,33.3,0.0,80.0,0.0,45.5,57.9
James McCann,AZ,C,166,-0.31,35.5,58.3,24.0,39.4,87.2,39.2,64.0,47.6
Eric Hartman,ATL,OF,1,-0.32,,100.0,0.0,66.7,,,,0.0
Tomás Nido,DET,C,4,-0.32,0.0,25.0,0.0,100.0,100.0,,75.0,133.3
Seaver King,WSH,SS,3,-0.32,0.0,66.7,25.0,33.3,66.7,0.0,42.9,63.6
Dylan Crews,WSH,RF,437,-0.32,39.9,54.5,22.1,32.1,84.0,44.1,73.5,47.4
Braden Montgomery,CWS,RF,360,-0.32,47.4,57.5,15.9,27.4,83.7,32.3,76.3,46.8
Kyle Sinzza,AZ,SS,1,-0.33,0.0,50.0,0.0,25.0,100.0,,100.0,57.1
Carson Kelly,CHC,C,434,-0.33,36.8,59.8,20.8,25.2,90.6,29.9,67.0,48.1
Kyle Teel,CWS,C,144,-0.33,46.8,61.9,25.1,31.3,79.2,37.5,64.4,42.7
Johnathan Rodríguez,BAL,RF,15,-0.33,40.0,62.5,12.5,25.6,84.0,31.6,75.8,43.4
Tyler O'Neill,BAL,RF,267,-0.34,36.9,59.2,20.8,28.3,83.5,36.2,69.9,46.6
Kane Kepley,CHC,OF,7,-0.34,0.0,71.4,28.6,17.6,100.0,50.0,50.0,46.7
Enrique Hernández,LAD,3B,94,-0.34,34.8,54.9,19.9,33.1,87.5,32.6,73.2,48.4
Jake McCarthy,COL,LF,605,-0.35,37.3,52.4,18.9,38.2,87.6,28.5,79.0,47.0
Thomas Saggese,STL,SS,183,-0.35,30.9,55.7,23.7,35.4,83.2,29.4,67.8,48.3
Cooper Pratt,MIL,SS,263,-0.35,40.0,60.5,24.3,29.1,89.8,22.6,62.4,50.3
Ramon Mendoza,STL,3B,6,-0.35,0.0,93.8,28.6,26.3,100.0,100.0,22.2,33.3
Grant McCray,SF,CF,89,-0.36,35.7,63.5,22.5,27.4,75.7,47.4,61.8,44.8
James Tibbs III,LAD,RF,6,-0.37,0.0,75.0,20.0,31.2,83.3,0.0,60.0,41.7
Austin Hendrick,CIN,OF,2,-0.37,0.0,66.7,20.0,0.0,50.0,50.0,50.0,57.1
Zach Neto,LAA,SS,708,-0.37,40.2,61.0,20.6,37.0,83.9,43.2,68.4,42.7
Rhys Hoskins,CLE,1B,327,-0.37,37.4,63.7,21.7,22.1,77.9,39.0,63.6,48.0
Yainer Diaz,HOU,C,360,-0.38,38.1,53.8,21.1,41.9,91.1,22.0,74.3,47.3
Isaac Paredes,HOU,3B,657,-0.38,35.1,63.1,22.5,27.1,91.0,21.3,61.9,46.8
Darell Morel,PIT,SS,1,-0.38,0.0,66.7,33.3,0.0,100.0,0.0,66.7,60.0
Gabriel Davalillo,LAA,3B,3,-0.38,0.0,50.0,33.3,0.0,100.0,0.0,100.0,60.0
Ed Howard,CHC,SS,2,-0.38,0.0,57.1,0.0,20.0,100.0,100.0,100.0,50.0
Jeferson Quero,MIL,C,5,-0.38,33.3,80.0,11.1,33.3,100.0,50.0,80.0,33.3
Austin Martin,MIN,RF,362,-0.38,48.4,62.4,21.7,18.5,88.3,33.5,62.9,49.5
Matt McLain,CIN,2B,502,-0.39,35.4,60.2,24.6,26.6,84.0,32.5,62.9,48.2
Chase Meidroth,CWS,2B,652,-0.39,39.7,61.8,28.2,29.1,86.7,25.1,55.2,49.5
Mitch Garver,SEA,C,154,-0.39,45.5,65.3,21.9,25.8,76.7,56.0,62.1,45.0
Willy Adames,SF,SS,511,-0.39,37.2,58.2,23.5,31.6,84.0,36.5,66.1,48.1
Jackson Holliday,BAL,2B,352,-0.39,41.5,60.8,23.7,26.8,85.2,30.0,64.3,48.5
Luis Urías,TOR,2B,59,-0.39,30.8,56.8,16.5,31.4,93.5,12.5,70.6,47.4
Nico Hoerner,CHC,2B,697,-0.4,35.9,58.4,26.3,33.5,95.4,18.6,61.8,50.0
Nick Gonzales,PIT,3B,612,-0.41,40.6,54.4,20.3,31.5,87.9,27.8,75.5,48.3
Nick Solak,SD,1B,14,-0.41,50.0,62.5,16.7,38.9,100.0,25.0,58.8,51.5
Sterlin Thompson,COL,RF,77,-0.41,40.3,60.7,14.7,29.5,82.9,43.5,75.5,44.6
Spencer Horwitz,PIT,1B,453,-0.41,37.7,63.4,24.7,24.9,92.0,19.0,58.7,47.9
Tyrone Taylor,CHC,LF,244,-0.41,35.9,58.4,25.1,34.4,89.5,25.0,63.7,49.0
Jax Biggers,HOU,2B,5,-0.41,0.0,50.0,12.5,30.0,100.0,50.0,87.5,57.1
Gavin Sheets,SD,1B,423,-0.41,35.7,65.9,24.6,31.2,90.4,26.9,58.0,45.6
George Springer,TOR,DH,523,-0.42,39.4,57.9,18.4,25.0,87.5,29.4,72.8,48.2
Dansby Swanson,CHC,SS,491,-0.42,43.4,59.4,16.7,27.0,81.6,35.5,70.8,47.6
Amed Rosario,NYY,3B,254,-0.42,34.5,56.6,23.0,40.4,85.3,31.5,72.4,46.2
Konnor Griffin,PIT,SS,338,-0.42,39.5,58.0,22.8,37.5,82.9,34.3,68.0,46.9
Tsung-Che Cheng,BOS,SS,44,-0.43,57.1,56.9,27.1,29.3,76.8,34.3,67.5,50.3
Carter Trice,CHC,OF,4,-0.43,0.0,66.7,27.3,0.0,50.0,,40.0,71.4
Austin Hays,SD,DH,103,-0.44,45.7,56.6,17.9,38.2,77.2,37.4,76.4,46.2
Brett Bateman,TOR,CF,176,-0.44,41.5,60.0,30.4,28.5,92.5,21.0,57.3,49.9
José Fermín,STL,LF,375,-0.44,35.2,63.0,26.5,22.8,91.6,13.5,56.7,51.4
Max Schuemann,NYY,LF,96,-0.44,36.0,64.8,22.4,21.1,84.3,38.2,63.9,45.5
Miguel Rojas,LAD,2B,257,-0.44,37.7,59.0,21.0,32.2,90.5,25.6,69.5,46.5
Ty France,SD,1B,503,-0.45,33.5,53.4,18.2,34.5,86.1,27.7,77.0,46.7
Dasan Brown,MIL,CF,5,-0.45,0.0,62.5,9.1,0.0,55.6,0.0,81.8,64.7
Masataka Yoshida,BOS,DH,306,-0.45,42.1,62.8,28.0,28.2,91.6,22.5,58.2,48.1
Jarren Duran,BOS,LF,613,-0.46,41.6,57.6,22.5,34.2,83.8,37.7,69.1,48.0
Jake Fraley,TB,RF,105,-0.46,26.3,58.5,22.2,22.0,88.0,31.4,67.3,51.1
Gavin Kilen,SF,SS,6,-0.46,0.0,58.3,12.5,30.0,100.0,,80.0,45.5
Andrew Benintendi,CWS,DH,473,-0.46,35.6,56.5,20.2,33.9,80.1,31.1,73.2,45.9
Zach Cole,HOU,LF,59,-0.47,31.8,58.3,31.2,27.2,65.8,47.3,61.8,50.0
Royce Lewis,MIN,1B,517,-0.47,37.7,58.3,18.8,33.5,81.6,37.8,70.5,46.9
Matt Vierling,DET,CF,299,-0.48,31.9,57.3,27.6,32.0,90.6,18.8,63.3,50.9
Connor Norby,COL,2B,384,-0.48,37.5,56.0,18.2,27.7,82.9,38.6,74.9,47.9
Angel Martínez,CLE,LF,422,-0.48,31.2,56.0,26.0,42.5,89.4,24.2,66.7,47.7
Brendan Donovan,SEA,3B,174,-0.48,37.5,60.9,22.5,23.5,90.4,25.0,66.7,48.7
Bryan Ramos,BAL,3B,6,-0.48,0.0,52.9,25.0,30.0,100.0,0.0,58.3,63.2
Jaison Chourio,CLE,OF,5,-0.49,0.0,40.0,20.0,25.0,83.3,0.0,75.0,100.0
Christian Walker,HOU,1B,632,-0.49,35.5,57.9,17.6,31.7,85.5,36.8,73.2,45.4
Masyn Winn,STL,SS,538,-0.49,41.0,61.9,27.7,23.8,86.7,29.3,58.2,49.9
Tommy White,ATH,1B,200,-0.49,34.2,55.3,18.9,40.7,88.0,28.7,69.3,46.6
Max Muncy,ATH,3B,291,-0.49,37.8,58.6,20.1,33.1,83.4,39.7,69.0,47.0
Anthony Seigler,BOS,2B,173,-0.5,40.4,58.7,22.3,26.4,84.4,26.1,66.4,49.2
Marcus Semien,NYM,2B,549,-0.5,37.5,56.5,19.4,26.9,87.1,27.1,71.7,50.3
Troy Johnston,COL,RF,455,-0.5,38.7,56.4,20.0,35.8,87.6,24.9,70.4,48.0
Michael Massey,KC,2B,452,-0.5,34.7,54.4,24.5,38.8,88.6,24.9,68.9,48.8
Derek Hill,PHI,CF,222,-0.5,35.6,57.4,23.2,33.8,76.7,37.9,70.3,47.6
Gavin Lux,TB,LF,6,-0.51,0.0,61.5,20.0,25.0,88.9,20.0,64.3,45.2
Tommy Edman,LAD,2B,327,-0.51,45.7,61.0,21.5,30.6,91.7,29.5,64.2,47.0
Nick Loftin,KC,3B,433,-0.51,40.9,64.5,23.9,25.6,90.8,29.9,57.3,48.9
Victor Caratini,MIN,C,388,-0.52,45.1,62.9,27.3,25.7,90.0,37.5,58.8,48.9
Brandon Valenzuela,TOR,C,268,-0.52,36.2,57.0,22.4,28.8,86.4,36.0,71.5,48.7
Leo Jiménez,MIA,3B,200,-0.52,46.4,63.1,24.5,26.8,88.3,35.5,61.8,45.3
Colson Montgomery,CWS,SS,638,-0.52,36.4,57.7,20.8,32.0,81.6,42.1,73.1,46.9
Luis Torrens,NYM,C,280,-0.53,33.3,59.8,22.0,32.6,87.9,30.1,65.6,47.1
Isaac Collins,KC,LF,522,-0.53,43.6,62.4,25.4,21.7,89.1,32.6,58.9,49.8
Alejandro Kirk,TOR,C,314,-0.53,36.2,61.0,27.0,29.3,92.5,18.5,58.5,49.8
Fenwick Trimble,MIA,OF,3,-0.54,0.0,50.0,33.3,0.0,100.0,0.0,66.7,66.7
Jazz Chisholm Jr.,NYY,2B,538,-0.54,40.6,60.0,26.0,29.2,79.5,36.2,63.9,47.1
Jorge Soler,LAA,DH,369,-0.54,44.2,60.5,21.0,27.5,78.0,44.9,69.0,47.5
Dominic Smith,ATL,DH,305,-0.55,36.9,59.5,21.0,30.7,88.9,28.2,67.1,48.2
Mark Vientos,NYM,1B,302,-0.55,34.9,55.9,19.9,35.4,81.1,37.8,74.6,48.0
Brandon Drury,KC,3B,4,-0.55,0.0,53.8,22.2,0.0,71.4,0.0,70.0,76.9
Joshua Kuroda-Grauer,ATH,3B,73,-0.55,30.1,54.7,25.0,41.2,88.6,21.2,66.7,49.3
Matt Halbach,CHC,3B,1,-0.56,0.0,100.0,0.0,0.0,50.0,,100.0,50.0
Kay-Lan Nicasia,MIL,OF,1,-0.56,0.0,100.0,0.0,0.0,50.0,100.0,100.0,50.0
Jasson Domínguez,NYY,RF,231,-0.56,36.2,57.7,21.9,34.8,87.9,30.2,70.4,46.1
Collin Price,HOU,C,13,-0.57,75.0,55.9,29.6,32.1,70.6,62.5,68.0,47.2
Josh Naylor,SEA,1B,648,-0.57,40.4,57.2,21.7,38.1,91.0,25.2,69.5,44.9
Tristan Peters,CWS,CF,494,-0.57,36.7,53.6,18.6,32.3,84.6,26.2,74.8,50.4
Will Turner,BOS,OF,2,-0.58,0.0,50.0,50.0,0.0,100.0,,50.0,100.0
Nick Pratto,TEX,1B,1,-0.58,0.0,50.0,50.0,0.0,100.0,0.0,50.0,100.0
Daniel Guilarte,MIL,SS,2,-0.58,0.0,85.7,25.0,25.0,,,0.0,20.0
Ricardo Romero,CLE,SS,1,-0.58,0.0,50.0,50.0,0.0,100.0,,50.0,100.0
Colby Jones,ATL,3B,3,-0.58,0.0,66.7,11.1,11.1,50.0,66.7,80.0,38.5
Joe Olsavsky,ATL,2B,1,-0.58,0.0,50.0,50.0,0.0,100.0,,50.0,100.0
David García,MIL,C,1,-0.58,0.0,50.0,50.0,0.0,100.0,0.0,50.0,100.0
Matthew Wood,MIL,C,1,-0.58,0.0,50.0,50.0,0.0,100.0,0.0,50.0,100.0
Trevor Hauver,TEX,OF,1,-0.58,,50.0,50.0,,100.0,,33.3,150.0
Brady Counsell,AZ,OF,1,-0.58,,50.0,50.0,,100.0,0.0,33.3,150.0
Omar Hernandez,KC,C,3,-0.58,0.0,50.0,50.0,0.0,100.0,0.0,37.5,133.3
Willi Castro,COL,2B,487,-0.59,33.3,56.9,18.7,37.6,83.1,33.8,73.1,44.6
Myles Straw,TOR,CF,332,-0.59,36.1,60.3,28.7,23.5,90.9,19.7,57.8,51.0
Dustin Harris,SD,LF,147,-0.6,46.0,60.3,22.9,32.8,87.0,27.8,65.3,48.2
Tyler Freeman,COL,RF,288,-0.6,38.9,55.4,21.5,30.0,91.9,17.0,72.0,49.0
Gabriel Arias,CHC,3B,157,-0.6,41.4,55.8,21.2,36.3,68.6,51.7,70.0,46.8
Kerry Carpenter,DET,RF,271,-0.6,33.6,59.6,23.8,36.0,82.2,32.8,67.4,45.9
Everson Pereira,STL,RF,118,-0.61,37.8,58.0,18.4,36.5,80.8,42.7,75.3,46.0
Carlos Cortes,ATH,RF,383,-0.61,34.4,59.3,21.7,28.3,85.5,27.9,66.0,49.1
Jimmy Crooks,STL,C,149,-0.62,42.7,58.6,24.6,36.3,78.0,46.7,66.1,45.0
Austin Wells,NYY,C,392,-0.62,35.8,60.6,23.0,28.1,83.1,37.0,66.6,47.4
Nick Yorke,PIT,3B,125,-0.62,35.3,57.8,18.8,30.8,87.8,27.8,69.2,48.1
Kyle Higashioka,TEX,C,193,-0.62,38.2,62.4,24.4,31.3,87.2,39.3,58.4,48.8
Salvador Perez,KC,DH,628,-0.63,30.5,56.8,20.6,44.7,87.7,28.7,72.6,41.9
Anthony Volpe,NYY,SS,246,-0.63,37.0,59.1,23.2,25.7,84.2,25.8,66.5,49.5
Vaughn Grissom,LAA,1B,470,-0.63,34.7,57.1,25.4,31.5,89.8,25.9,66.3,50.1
Donovan Walton,ATH,2B,271,-0.64,41.6,57.1,16.3,28.5,85.3,38.2,73.8,49.4
Paul DeJong,NYY,3B,10,-0.64,0.0,53.8,22.2,17.6,80.0,14.3,78.9,63.3
Tony Santa Maria,TB,3B,1,-0.64,0.0,66.7,0.0,0.0,50.0,100.0,100.0,50.0
Brett Callahan,DET,LF,77,-0.64,33.8,47.0,20.6,40.2,88.6,30.4,78.9,50.2
Joey Ortiz,MIL,SS,423,-0.64,38.1,60.2,29.2,32.8,90.8,27.1,57.7,49.0
Jose Siri,LAA,LF,246,-0.65,40.0,55.3,25.2,40.2,75.9,43.5,69.0,46.5
Mike Tauchman,NYM,RF,4,-0.65,0.0,66.7,0.0,40.0,71.4,33.3,77.8,52.9
Ben Cowles,CHC,3B,4,-0.65,0.0,72.7,20.0,30.0,60.0,0.0,62.5,44.4
Angel Abreu,CLE,SS,2,-0.65,0.0,57.1,20.0,20.0,66.7,0.0,75.0,50.0
Travis Bazzana,CLE,2B,514,-0.65,37.9,60.5,22.3,26.9,87.1,33.1,65.8,48.3
José Tena,WSH,DH,297,-0.66,42.0,59.1,23.5,29.3,79.4,39.9,68.2,47.9
Joshua Báez,STL,LF,108,-0.66,39.8,52.1,27.3,39.6,78.4,35.9,70.5,49.7
Hyeseong Kim,LAD,SS,135,-0.66,42.1,56.3,25.5,29.5,87.8,32.8,65.2,51.4
Ke'Bryan Hayes,CIN,3B,252,-0.66,35.3,59.5,27.1,30.2,90.6,29.5,62.2,49.6
Jacob Reimer,NYM,3B,4,-0.66,0.0,60.0,0.0,36.4,66.7,33.3,75.0,44.4
Sean Keys,TOR,DH,68,-0.66,30.4,55.7,19.9,33.5,85.7,34.7,69.5,47.8
Jacob Gonzalez,PIT,SS,224,-0.67,29.0,51.9,21.0,38.2,85.5,19.7,74.0,49.8
Abimelec Ortiz,WSH,1B,135,-0.67,25.3,59.0,21.5,37.1,86.1,29.1,66.4,45.8
Cal Raleigh,SEA,C,534,-0.67,31.4,61.3,19.5,36.0,78.5,36.2,70.2,42.8
Nolan Arenado,AZ,3B,604,-0.67,36.6,62.8,23.7,32.0,85.6,29.8,63.4,46.1
Will Wagner,SD,DH,44,-0.67,59.4,66.1,23.8,24.0,91.5,26.5,61.8,43.4
AJ Salgado,NYM,3B,3,-0.68,0.0,50.0,16.7,16.7,100.0,16.7,85.7,70.0
Davis Schneider,TOR,LF,158,-0.68,39.7,64.6,23.7,20.7,81.5,31.6,58.4,47.4
Jim Jarvis,ATL,SS,124,-0.68,40.9,62.8,22.0,28.0,90.4,23.3,61.9,48.1
Shay Whitcomb,SF,3B,122,-0.68,32.0,57.6,24.7,34.9,91.4,34.7,64.7,47.5
Juan Brito,CIN,2B,111,-0.69,29.1,55.6,20.8,31.4,84.0,32.0,71.7,49.7
Trey Mancini,LAA,1B,21,-0.7,29.4,50.0,16.7,34.3,80.0,18.2,81.1,53.6
Carter Cunningham,TOR,OF,3,-0.71,0.0,55.6,16.7,33.3,75.0,0.0,66.7,50.0
Edwin Arroyo,CIN,2B,160,-0.71,36.1,51.6,15.3,39.7,84.1,32.6,77.3,48.4
Charles McAdoo,TOR,2B,103,-0.71,31.7,59.1,25.1,33.2,84.0,27.0,66.1,48.5
Santiago Espinal,LAD,3B,69,-0.72,30.4,53.8,30.0,33.9,90.6,11.1,64.9,52.0
Ben Williamson,TB,2B,293,-0.72,40.2,64.0,28.6,31.7,91.1,27.0,55.7,47.9
Romy Gonzalez,BOS,DH,73,-0.72,42.1,57.0,16.8,32.9,82.0,40.0,75.2,46.3
Joey Meneses,ATH,1B,29,-0.72,55.0,65.3,23.8,34.8,88.0,25.0,67.6,46.2
Jose Fernandez,AZ,DH,221,-0.72,43.6,63.0,27.4,36.3,86.9,34.2,56.4,47.2
Victor Bericoto,SF,LF,118,-0.72,30.9,53.6,26.9,42.5,87.2,41.2,71.6,45.8
Brewer Hicklen,ATL,RF,43,-0.72,61.5,61.1,19.8,28.3,74.5,52.0,73.3,44.9
Jonathan Martinez,CLE,2B,2,-0.72,,83.3,37.5,16.7,100.0,,25.0,44.4
LuJames Groover,AZ,1B,54,-0.72,38.6,59.3,28.9,19.8,95.6,23.7,60.7,54.1
Mauricio Dubón,ATL,LF,625,-0.73,28.9,55.2,20.4,37.6,91.5,17.8,72.2,46.4
Richie Palacios,TB,2B,398,-0.73,37.8,61.5,23.4,32.1,87.1,27.4,64.0,44.5
César Salazar,HOU,C,25,-0.73,40.0,62.9,26.7,25.4,93.1,18.5,64.4,43.3
Jared Oliva,SF,CF,11,-0.74,28.6,58.3,26.3,31.6,85.7,60.0,70.0,51.3
Nic Kent,COL,3B,3,-0.74,0.0,55.6,16.7,16.7,60.0,25.0,83.3,66.7
Christian Franklin,BAL,CF,65,-0.74,48.8,65.8,21.6,23.0,79.2,36.0,63.1,45.0
Edmundo Sosa,PHI,LF,253,-0.74,34.2,49.4,24.2,52.5,88.0,33.9,71.6,45.5
Joey Bart,CWS,C,133,-0.74,40.6,60.9,21.1,33.7,88.2,36.2,65.0,46.0
Jonah Cox,SF,CF,165,-0.74,34.4,53.5,21.9,33.0,70.4,38.5,71.2,50.9
Jose Cordova,COL,C,2,-0.74,0.0,66.7,50.0,33.3,100.0,0.0,33.3,60.0
Daniel Schneemann,CLE,CF,290,-0.74,35.1,57.3,22.5,33.3,85.2,36.4,67.3,48.8
Harry Ford,WSH,C,114,-0.75,38.1,61.8,21.7,18.8,80.4,31.8,66.7,49.3
Angel Genao,CLE,2B,135,-0.75,47.8,64.0,21.4,26.8,87.3,30.3,66.1,44.4
Andruw Monasterio,BOS,SS,356,-0.75,28.4,56.0,23.7,27.2,89.4,25.4,66.7,51.7
Matt Chapman,SF,3B,357,-0.76,34.5,60.6,24.3,26.2,86.0,24.1,63.2,49.6
Ezequiel Duran,TEX,SS,598,-0.76,33.9,54.6,23.2,35.6,85.4,31.3,70.3,47.1
Ryan Kreidler,MIN,SS,273,-0.76,40.7,54.8,18.2,28.4,81.0,34.6,75.6,50.2
Leody Taveras,BAL,CF,488,-0.77,33.6,60.7,20.8,32.1,85.7,28.9,67.6,46.7
Antonio Jimenez,NYM,SS,4,-0.77,0.0,62.5,16.7,18.2,71.4,100.0,70.0,52.6
Kevin Alcántara,CHC,DH,37,-0.77,34.8,62.0,31.3,32.1,67.5,53.3,57.1,48.3
Ronny Simon,PIT,RF,66,-0.77,23.6,49.7,20.9,40.6,89.9,21.7,73.0,46.9
Carlos Pérez,HOU,C,4,-0.77,0.0,62.5,16.7,66.7,100.0,50.0,42.9,63.6
Miguel Amaya,CHC,C,259,-0.77,36.2,61.4,20.7,31.3,84.4,33.6,67.2,44.4
Trea Turner,PHI,SS,703,-0.78,39.4,57.7,20.7,34.7,86.5,34.9,68.8,46.1
Evan Carter,TEX,CF,461,-0.78,41.8,62.0,25.3,21.6,81.4,38.8,61.4,50.6
Joey Loperfido,HOU,LF,127,-0.78,41.5,60.0,22.4,29.3,80.4,34.4,67.2,49.9
Steward Berroa,PHI,RF,7,-0.78,25.0,40.0,60.0,50.0,88.9,14.3,60.0,65.2
Kevin Kilpatrick Jr.,ATL,OF,6,-0.79,0.0,37.5,40.0,0.0,100.0,0.0,71.4,100.0
David Hamilton,MIL,3B,392,-0.79,34.7,59.0,24.6,29.9,84.3,30.2,61.9,49.7
Bryan De La Cruz,PHI,RF,95,-0.8,36.5,56.5,22.1,32.3,89.1,26.8,67.2,48.5
Isiah Kiner-Falefa,BOS,2B,194,-0.8,39.2,61.1,23.4,31.5,91.5,25.8,64.8,46.6
Alex Madera,CHC,2B,3,-0.81,0.0,55.6,28.6,16.7,75.0,0.0,66.7,54.5
Jared Triolo,PIT,SS,369,-0.81,39.7,61.0,25.8,25.8,87.7,27.7,64.3,50.1
Ronny Cruz,WSH,SS,1,-0.82,0.0,75.0,25.0,25.0,100.0,50.0,50.0,40.0
Brody Moore,STL,SS,4,-0.82,0.0,71.4,16.7,42.9,75.0,100.0,66.7,50.0
LaMonte Wade Jr.,HOU,LF,145,-0.83,38.2,65.1,24.4,21.0,86.2,23.7,59.1,47.7
Pavin Smith,AZ,1B,129,-0.83,33.6,58.9,26.0,27.8,87.4,30.3,60.7,51.5
Luis Rengifo,SD,LF,360,-0.83,41.1,58.5,21.1,31.0,88.8,21.0,70.3,45.8
Miguel Hernández,STL,SS,1,-0.83,,80.0,0.0,25.0,0.0,,50.0,33.3
Jaiden Lo Re,BAL,SS,2,-0.83,0.0,100.0,33.3,40.0,,100.0,0.0,37.5
John Peck,DET,SS,81,-0.83,44.1,55.3,17.3,34.2,81.6,35.6,74.8,46.8
Eddys Leonard,SF,SS,8,-0.84,27.3,52.0,18.8,45.5,75.0,42.9,75.0,42.1
Miguel Andujar,SD,DH,261,-0.84,32.9,54.5,22.9,40.2,89.6,25.4,68.5,48.3
Luis Arraez,PHI,2B,657,-0.84,29.2,55.3,29.2,33.0,94.3,7.7,63.2,51.8
Israfell Bautista,TB,3B,2,-0.85,,50.0,50.0,0.0,100.0,,66.7,100.0
Yoán Moncada,LAA,3B,141,-0.85,38.5,65.3,28.3,22.3,82.7,38.7,57.1,48.9
Yiddi Cappe,MIA,SS,1,-0.85,0.0,100.0,50.0,50.0,,,0.0,33.3
Brady Day,PHI,3B,1,-0.85,0.0,100.0,50.0,0.0,100.0,,50.0,66.7
James Nelson,HOU,3B,1,-0.85,,100.0,50.0,50.0,,,0.0,33.3
Tyler Tolbert,KC,SS,147,-0.86,38.5,55.7,21.4,25.9,78.5,39.3,72.1,51.1
Jonathan India,KC,2B,66,-0.86,41.2,64.2,25.3,18.7,82.9,37.1,57.1,50.4
Rob Refsnyder,SEA,DH,134,-0.86,31.8,62.1,22.7,25.6,84.0,34.4,64.5,47.8
Antonio Anderson,BOS,3B,2,-0.86,0.0,50.0,40.0,25.0,100.0,0.0,60.0,62.5
Yohairo Cuevas,NYM,OF,1,-0.87,0.0,50.0,33.3,0.0,100.0,0.0,66.7,60.0
Bryan Torres,STL,LF,189,-0.88,35.3,59.3,26.8,27.0,86.7,24.2,61.6,50.2
Harrison Bader,SF,CF,111,-0.88,32.4,55.2,24.0,38.7,80.9,46.0,69.1,48.5
Jesus Rodriguez,SF,C,62,-0.88,40.7,55.2,19.0,33.6,82.4,31.6,72.5,47.2
Garrett Hampson,CIN,2B,7,-0.89,0.0,60.0,28.6,16.7,70.0,50.0,62.5,55.2
Osleivis Basabe,SF,2B,143,-0.9,35.0,60.9,26.8,34.5,83.5,26.1,59.0,48.4
Jeremiah Jackson,BAL,2B,297,-0.9,30.0,50.2,20.6,36.4,83.8,35.8,76.5,50.3
MJ Melendez,NYM,DH,144,-0.9,36.8,63.1,20.7,29.5,76.6,30.4,67.4,45.4
Ali Sánchez,NYY,C,93,-0.91,35.4,53.0,26.5,34.6,85.6,25.0,65.4,51.3
Daniel Susac,SF,C,166,-0.91,32.8,54.8,21.8,42.2,88.5,33.3,73.0,46.1
Anderson Fermin,BOS,OF,2,-0.91,0.0,62.5,16.7,0.0,33.3,0.0,75.0,44.4
Taylor Trammell,HOU,LF,289,-0.91,37.8,59.8,21.3,28.8,75.3,45.5,70.0,48.8
Moisés Ballesteros,LAA,DH,361,-0.92,36.0,58.1,22.1,36.4,84.8,28.1,69.7,43.8
Cade Fergus,PHI,OF,1,-0.92,0.0,100.0,25.0,40.0,,,0.0,16.7
Brice Matthews,HOU,CF,238,-0.92,36.0,58.4,23.9,24.9,74.8,40.9,67.6,49.3
Clay Dungan,SD,2B,5,-0.92,0.0,71.4,16.7,20.0,25.0,100.0,50.0,44.4
Edgar Quero,CWS,C,225,-0.92,35.5,56.0,18.4,25.6,88.5,18.5,75.4,48.8
Wenceel Pérez,DET,RF,184,-0.93,31.0,60.8,19.7,28.9,88.9,21.3,66.8,49.3
Matt Shaw,CHC,RF,212,-0.93,31.3,62.6,26.1,32.6,87.5,21.5,60.8,46.6
Zac Veen,COL,LF,79,-0.93,39.3,60.8,16.3,41.8,71.4,36.4,76.5,39.3
Conner Capel,COL,LF,5,-0.93,0.0,66.7,20.0,20.0,85.7,50.0,77.8,50.0
Jorge Mateo,TB,SS,229,-0.93,31.5,56.2,19.4,44.2,80.9,42.3,67.8,45.7
Ramón Urías,STL,3B,107,-0.93,33.3,56.9,21.5,25.1,83.8,26.6,70.8,49.6
Jacob Amaya,AZ,SS,4,-0.93,0.0,55.6,0.0,16.7,50.0,25.0,100.0,42.1
Aramis Garcia,AZ,C,22,-0.94,29.4,47.2,28.6,37.8,77.8,47.1,69.2,52.0
Cavan Biggio,HOU,1B,8,-0.95,0.0,64.0,36.0,20.0,90.0,25.0,52.6,54.3
Brett Sullivan,COL,C,243,-0.95,33.7,52.7,24.0,33.5,90.2,18.9,70.0,51.5
Rayne Doncon,MIN,3B,2,-0.95,0.0,50.0,33.3,0.0,100.0,0.0,75.0,66.7
Caleb Roberts,AZ,OF,3,-0.95,0.0,53.8,22.2,36.4,100.0,0.0,71.4,43.8
Francisco Acuna,SD,SS,3,-0.96,0.0,80.0,50.0,0.0,100.0,0.0,33.3,66.7
Pedro Pagés,STL,C,210,-0.96,32.7,59.4,21.1,35.3,85.9,37.8,64.5,48.1
Austin Hedges,CLE,C,248,-0.97,39.2,62.5,22.3,25.1,85.7,33.8,64.2,48.7
Danny Jansen,TEX,C,226,-0.97,32.7,59.4,21.8,22.4,83.8,30.7,66.5,50.8
Marcos Castañon,SD,2B,4,-0.97,0.0,60.0,14.3,33.3,100.0,100.0,80.0,41.7
Brian Serven,ATH,C,87,-0.98,34.2,56.0,25.2,32.1,78.1,32.3,67.5,52.0
Gio Urshela,MIN,3B,2,-0.98,0.0,100.0,50.0,50.0,100.0,0.0,50.0,50.0
Diego Mosquera,NYM,SS,1,-0.98,0.0,66.7,0.0,33.3,100.0,,100.0,33.3
Victor Scott II,STL,CF,201,-0.98,35.2,55.4,22.9,22.7,83.9,31.9,69.2,53.8
Jeff McNeil,ATH,2B,521,-0.98,28.8,49.6,14.1,36.0,93.2,19.6,84.0,48.4
Marco Dinges,MIL,DH,3,-0.98,0.0,50.0,50.0,50.0,100.0,,66.7,75.0
Luis Guanipa,ATL,OF,3,-0.99,0.0,37.5,25.0,25.0,100.0,0.0,85.7,87.5
Nolan Gorman,STL,3B,298,-0.99,34.4,59.5,22.1,31.3,76.1,42.0,68.3,47.0
Starling Marte,KC,RF,173,-0.99,32.5,52.4,23.1,35.4,84.0,34.2,70.3,51.0
Adrian Del Castillo,AZ,DH,196,-0.99,29.7,59.3,22.2,29.9,84.7,31.4,68.4,47.8
Ryan Cesarini,CLE,OF,3,-1.0,0.0,100.0,33.3,25.0,66.7,,50.0,60.0
Anthony DePino,CWS,1B,2,-1.0,0.0,40.0,20.0,33.3,100.0,0.0,85.7,63.6
Ildemaro Vargas,AZ,1B,494,-1.0,38.2,57.6,26.7,39.0,91.4,19.9,63.4,47.6
Jake Cronenworth,SD,2B,426,-1.0,34.4,59.7,24.2,28.9,90.2,29.4,63.8,48.6
Justin Crawford,PHI,CF,469,-1.0,31.0,54.2,24.1,37.6,88.7,18.2,69.3,49.8
Tanner Murray,CWS,LF,35,-1.01,35.7,62.5,19.4,30.3,73.7,40.0,70.4,45.8
Brayan Rocchio,CLE,SS,602,-1.01,34.4,57.4,21.2,32.7,87.8,29.8,69.0,47.3
Jonah Heim,ATH,C,401,-1.01,32.1,58.6,24.0,33.5,86.6,23.7,66.3,49.2
Nick Castellanos,SD,RF,129,-1.01,28.8,53.3,20.0,41.0,78.7,41.5,78.0,45.3
Nathan Lukes,TOR,RF,458,-1.01,30.2,55.3,27.1,34.0,88.8,16.9,66.3,49.8
Ryan Galanie,CWS,1B,5,-1.02,0.0,60.0,0.0,20.0,66.7,50.0,90.0,52.6
Jake Rogers,CWS,C,174,-1.02,37.0,64.4,26.1,25.5,82.6,37.3,60.0,48.3
Matt Wallner,MIN,RF,144,-1.02,43.0,57.4,17.9,32.1,72.3,52.2,74.7,48.8
Agustín Ramírez,MIA,DH,259,-1.03,33.8,58.7,20.9,28.8,80.5,36.1,70.5,48.0
Curtis Washington Jr.,SEA,CF,2,-1.04,,80.0,33.3,16.7,0.0,100.0,50.0,25.0
Sal Frelick,MIL,RF,388,-1.04,33.1,59.9,27.4,25.3,95.8,10.6,59.8,51.4
Eric Yang,CHC,C,2,-1.04,0.0,66.7,33.3,0.0,100.0,0.0,80.0,71.4
Denzer Guzman,LAA,3B,300,-1.04,32.1,54.3,19.5,33.5,82.0,30.9,73.6,49.5
Luca Tresh,KC,C,4,-1.04,0.0,83.3,28.6,44.4,66.7,,60.0,38.5
Dylan Moore,PHI,CF,21,-1.05,18.2,66.2,22.7,25.4,77.8,45.5,58.7,43.0
Nicandro Aybar,TB,3B,1,-1.05,0.0,75.0,0.0,40.0,100.0,,100.0,16.7
Keibert Ruiz,WSH,C,360,-1.06,33.3,55.0,24.6,38.3,94.0,18.1,66.9,50.2
Eric Haase,SF,C,84,-1.06,40.7,59.7,26.4,36.3,75.3,50.7,63.3,46.4
Alek Thomas,LAD,CF,130,-1.06,31.6,55.2,21.6,41.1,86.7,27.6,72.8,47.4
José Caballero,NYY,SS,464,-1.08,29.8,57.0,22.6,36.7,80.4,30.6,67.7,46.4
Kevin Villavicencio,NYM,SS,2,-1.08,0.0,66.7,0.0,50.0,100.0,0.0,100.0,25.0
Petey Halpin,CLE,CF,191,-1.08,28.6,50.5,19.0,38.2,82.9,20.8,81.2,47.9
Pedro Ramírez,CHC,2B,261,-1.08,33.7,56.0,25.1,32.7,89.3,25.8,68.9,48.8
Eli Lovich,CHC,OF,3,-1.08,,62.5,28.6,37.5,66.7,50.0,60.0,45.5
Daulton Varsho,HOU,CF,531,-1.09,30.2,55.0,22.1,36.5,87.0,23.8,72.3,46.3
Kahlil Watson,CLE,RF,91,-1.09,39.7,53.0,20.5,35.3,77.0,35.7,73.5,49.0
Blake Dunn,CIN,CF,154,-1.09,38.0,55.2,30.9,28.7,88.8,33.6,64.2,51.3
Josh Lowe,LAA,LF,351,-1.1,27.5,51.8,20.3,36.3,74.3,32.9,77.3,47.6
Kevin Fitzer,COL,1B,2,-1.1,0.0,80.0,42.9,0.0,50.0,0.0,40.0,62.5
Alejandro Osuna,TEX,LF,236,-1.1,39.3,55.0,26.7,32.6,89.0,18.0,64.3,50.4
Luisangel Acuña,CWS,SS,228,-1.1,38.3,57.4,21.3,34.2,85.7,34.6,70.1,46.8
Connor Wong,BOS,C,244,-1.11,34.3,57.4,27.2,32.2,88.0,33.5,65.0,49.3
Jose Altuve,HOU,2B,571,-1.11,39.0,61.9,22.2,37.2,86.6,25.1,63.8,44.8
Javier Sanoja,MIA,3B,490,-1.11,33.2,55.0,25.4,39.8,92.4,15.1,66.2,47.9
Max Kepler,AZ,LF,144,-1.12,31.5,58.6,17.2,37.3,85.8,30.8,71.0,46.6
Bobby Blandford,ATH,OF,1,-1.12,,50.0,0.0,100.0,100.0,0.0,50.0,66.7
Oswald Peraza,LAA,2B,372,-1.13,34.5,53.6,21.1,38.0,85.3,37.4,74.0,47.3
Braden Shewmake,MIL,SS,91,-1.14,31.1,46.9,26.3,52.6,81.4,27.1,71.3,48.5
Jonatan Clase,TOR,LF,25,-1.14,34.8,64.5,24.6,26.7,81.8,30.4,61.1,47.4
Josh Smith,TOR,2B,250,-1.14,33.6,61.3,24.0,33.5,90.3,28.0,61.1,48.3
Jorbit Vivas,WSH,3B,367,-1.14,36.3,57.3,18.0,29.0,92.0,28.7,73.9,45.6
Jean Walters,AZ,2B,2,-1.14,0.0,25.0,0.0,50.0,66.7,0.0,100.0,75.0
Ethan Workinger,ATL,CF,2,-1.15,0.0,50.0,20.0,20.0,75.0,,80.0,50.0
Mickey Moniak,COL,LF,444,-1.15,31.2,52.9,18.2,43.9,84.8,34.3,76.5,46.7
Eric Wagaman,NYM,1B,56,-1.15,34.0,59.6,31.6,28.8,72.2,26.8,60.5,49.0
Ryan Ritter,COL,SS,32,-1.16,21.7,57.0,22.2,24.6,82.2,44.4,72.6,53.0
Andrew Pintar,MIA,CF,4,-1.16,0.0,71.4,23.1,36.4,100.0,33.3,40.0,50.0
Riley Unroe,HOU,2B,6,-1.17,0.0,66.7,23.1,16.7,42.9,60.0,70.0,50.0
Zach McKinstry,DET,RF,427,-1.17,30.2,55.9,24.3,28.2,92.6,23.5,67.1,52.1
Caleb Durbin,BOS,3B,594,-1.17,36.8,59.1,26.6,28.4,89.1,22.4,64.4,49.7
Jose Herrera,TEX,C,3,-1.18,0.0,80.0,33.3,25.0,100.0,50.0,50.0,60.0
Ivan Luciano,AZ,C,2,-1.18,0.0,62.5,16.7,16.7,50.0,,80.0,50.0
David Fry,CLE,RF,217,-1.18,35.1,63.3,23.3,27.7,79.6,34.5,63.3,46.5
Mike Boeve,MIL,OF,3,-1.18,0.0,66.7,40.0,42.9,100.0,20.0,25.0,57.1
Leonel Espinoza,CHC,OF,2,-1.18,0.0,33.3,0.0,0.0,100.0,0.0,100.0,100.0
Eli White,BOS,CF,212,-1.18,31.0,57.9,21.1,32.4,84.0,31.7,72.6,48.6
Henry Davis,PIT,C,306,-1.19,34.5,55.6,16.9,32.5,83.8,29.0,75.4,47.9
Leo Rivas,SEA,3B,156,-1.19,36.8,63.1,27.7,16.9,83.6,37.4,56.0,51.8
Michael Toglia,CIN,1B,30,-1.19,34.6,57.3,31.7,22.6,86.8,42.9,63.3,54.1
Cristian Pache,NYM,OF,13,-1.2,12.5,65.9,21.6,30.8,70.6,37.5,63.0,42.2
Kristian Campbell,BOS,2B,1,-1.2,0.0,60.0,25.0,25.0,50.0,0.0,66.7,50.0
Sung-Mun Song,SD,2B,151,-1.2,35.0,62.5,20.6,23.7,82.8,28.3,62.7,49.5
Nicky Lopez,TEX,2B,271,-1.2,33.5,54.5,19.8,33.9,86.5,21.1,70.3,51.4
Brooks Lee,MIN,3B,638,-1.2,31.4,56.2,20.0,35.0,91.5,24.1,73.4,47.6
Douglas Hodo III,BAL,OF,3,-1.2,0.0,100.0,33.3,66.7,,100.0,0.0,40.0
Kaelen Culpepper,MIN,SS,123,-1.2,34.4,56.1,24.5,42.8,91.0,31.6,66.4,45.8
Alex Call,LAD,LF,202,-1.21,31.2,62.5,24.2,23.9,90.8,15.0,60.1,49.8
Jorge Polanco,NYM,DH,152,-1.21,25.9,64.0,22.0,30.0,89.0,29.2,62.2,47.8
Yerlin Luis,CLE,OF,2,-1.21,0.0,83.3,16.7,40.0,100.0,,25.0,44.4
Jacob Wilson,ATH,SS,344,-1.22,29.2,53.2,22.4,42.0,93.6,15.9,70.4,48.7
Stuart Fairchild,CLE,CF,33,-1.22,91.7,69.5,15.4,23.7,52.8,56.5,64.3,43.1
Logan O'Hoppe,TEX,DH,280,-1.23,35.2,58.6,22.0,34.6,87.3,36.1,70.5,45.5
Kyle Isbel,KC,CF,327,-1.23,32.1,57.4,29.5,35.3,92.3,24.5,61.6,49.0
Ronny Mauricio,NYM,SS,58,-1.23,28.3,54.4,21.5,51.8,84.6,37.9,72.2,44.6
Anderson De Los Santos,BAL,3B,1,-1.23,,66.7,50.0,0.0,100.0,,33.3,60.0
C.J. Stubbs,TOR,C,1,-1.25,0.0,50.0,0.0,20.0,80.0,0.0,100.0,50.0
Will Simpson,TB,1B,1,-1.25,0.0,66.7,50.0,33.3,100.0,,33.3,50.0
Brenton Doyle,CWS,CF,232,-1.26,31.2,53.2,20.5,33.9,85.3,40.3,73.6,51.2
Adam Frazier,LAA,2B,154,-1.26,32.6,54.3,22.4,34.1,86.7,34.7,68.9,50.9
Christian Moore,LAA,2B,143,-1.26,32.8,55.2,20.3,31.8,82.0,44.9,70.2,50.1
Graham Pauley,MIA,3B,153,-1.26,25.2,59.7,23.9,30.5,87.1,28.1,66.2,47.3
Drew Millas,WSH,C,159,-1.26,32.1,61.7,26.6,28.6,86.9,33.9,62.2,48.4
Ezequiel Tovar,COL,SS,517,-1.26,24.9,50.9,14.2,43.7,82.8,34.7,81.5,45.9
Nick Fortes,TB,C,325,-1.26,35.8,57.4,21.8,37.0,88.3,27.8,67.8,47.4
Jonny DeLuca,TB,RF,374,-1.27,31.5,55.8,21.7,35.9,87.9,29.3,70.4,48.2
Dyan Jorge,COL,3B,1,-1.27,0.0,66.7,50.0,0.0,100.0,,66.7,60.0
Patrick Wisdom,SEA,3B,49,-1.28,28.3,51.6,20.7,40.4,72.7,51.4,71.7,49.5
Zach Dezenzo,HOU,LF,83,-1.28,37.7,60.7,30.2,34.3,73.7,41.5,59.0,48.3
Weston Wilson,SEA,3B,183,-1.29,39.1,59.1,24.6,26.0,81.0,41.0,66.4,48.7
Ben Ross,MIN,SS,22,-1.29,27.8,57.1,21.7,35.4,72.4,40.0,65.9,47.8
Esteury Ruiz,MIA,RF,252,-1.29,36.4,58.7,23.4,31.8,76.5,34.6,67.4,45.6
Jase Bowen,SD,RF,107,-1.3,41.3,59.6,28.6,44.0,73.1,52.1,62.4,45.8
Taylor Walls,TB,SS,430,-1.3,31.3,60.8,24.2,25.5,84.2,30.6,62.0,48.4
Brandon Lockridge,MIL,LF,119,-1.31,42.5,56.5,27.7,32.4,83.1,31.8,60.4,50.9
César Prieto,STL,3B,35,-1.31,38.5,60.0,22.0,35.7,96.9,35.0,69.6,45.1
Kenny Piper,TB,C,11,-1.31,20.0,55.3,12.5,14.3,77.3,11.1,78.6,57.1
Heston Kjerstad,BAL,LF,19,-1.32,28.6,51.3,28.6,42.4,91.3,40.0,71.9,49.2
Tristan Gray,MIN,SS,196,-1.32,29.5,52.6,21.8,39.0,80.2,44.5,74.2,48.2
Elias Díaz,TEX,C,235,-1.32,28.3,52.8,21.6,37.9,83.4,34.5,72.7,48.8
Buddy Kennedy,SF,3B,53,-1.32,26.7,59.4,24.0,25.6,83.8,34.8,65.5,48.7
TJ Friedl,CIN,CF,281,-1.33,35.7,61.5,24.5,23.5,86.0,40.1,62.9,49.4
Sean Murphy,ATL,C,117,-1.33,44.0,56.2,26.7,34.6,81.4,57.3,66.7,47.6
Jihwan Bae,MIL,CF,4,-1.33,100.0,71.4,16.7,50.0,100.0,100.0,66.7,23.1
Rodolfo Durán,SD,C,96,-1.34,29.3,59.7,28.2,31.3,84.3,36.2,61.4,47.8
Lourdes Gurriel Jr.,AZ,LF,201,-1.34,34.9,58.8,23.0,40.5,91.0,34.1,68.0,44.7
Blake Perkins,MIL,CF,101,-1.34,32.6,60.2,27.8,28.9,82.4,22.6,59.2,48.1
Nathan Church,STL,CF,472,-1.34,26.9,53.0,23.0,41.8,84.9,22.0,72.0,46.6
Tyler Whitaker,HOU,OF,1,-1.35,,100.0,25.0,40.0,,100.0,0.0,16.7
Ramiro Dominguez,MIN,2B,2,-1.35,0.0,80.0,20.0,33.3,50.0,50.0,66.7,37.5
Cooper Ingle,CLE,C,24,-1.36,33.3,62.3,18.6,26.9,87.5,28.0,60.4,50.5
Adael Amador,COL,2B,90,-1.37,29.5,53.4,18.1,23.6,90.6,12.9,75.4,52.6
Justin Johnson,KC,2B,1,-1.38,0.0,,,100.0,,,,0.0
José Suárez,STL,OF,1,-1.38,,,,100.0,,,,0.0
Andreimi Antunez,TB,SS,2,-1.38,0.0,0.0,,100.0,100.0,0.0,100.0,100.0
Gavin Conticello,AZ,RF,1,-1.38,0.0,,,,100.0,,100.0,100.0
Bo Davidson,SF,LF,18,-1.38,46.7,45.7,44.8,42.9,75.0,22.2,64.9,56.9
Cade Doughty,TOR,SS,1,-1.38,,,,100.0,,,,0.0
José Azócar,ATL,RF,22,-1.38,26.1,47.9,25.8,50.0,84.0,20.0,71.4,47.3
J.J. D'Orazio,LAA,C,1,-1.38,0.0,,,,100.0,,100.0,100.0
Freili Encarnacion,BOS,3B,1,-1.38,,,,,100.0,,100.0,100.0
Nasim Nuñez,WSH,2B,502,-1.38,31.1,56.1,24.5,25.6,85.7,24.6,68.1,50.3
CJ Kayfus,CLE,LF,36,-1.39,22.9,50.5,21.4,31.2,80.0,59.3,78.6,49.3
Cal Conley,ATL,2B,4,-1.39,0.0,53.8,12.5,22.2,60.0,50.0,83.3,50.0
Nick Senzel,LAD,3B,4,-1.39,0.0,63.6,12.5,30.0,80.0,50.0,83.3,42.9
Kale Fountain,SD,3B,3,-1.41,0.0,71.4,16.7,37.5,50.0,50.0,66.7,30.0
Ryan Mountcastle,BAL,1B,21,-1.41,17.9,52.8,20.0,39.5,82.8,34.6,76.3,46.9
Patrick Clohisy,ATL,OF,5,-1.41,0.0,46.2,14.3,0.0,66.7,25.0,90.0,83.3
Ceddanne Rafaela,BOS,CF,585,-1.42,30.5,50.9,24.3,45.4,85.0,26.9,71.9,47.3
Trevor Story,BOS,SS,273,-1.43,28.2,55.8,24.1,43.2,79.2,34.4,69.3,46.8
Jason Matthews,CWS,SS,3,-1.43,0.0,90.0,18.2,30.8,50.0,50.0,50.0,23.5
Jordan Beck,COL,LF,189,-1.43,27.0,56.8,20.9,38.5,82.6,38.5,69.1,46.9
Edgar Alvarez,CHC,1B,4,-1.44,0.0,60.0,33.3,50.0,100.0,0.0,50.0,62.5
J.C. Escarra,NYY,C,100,-1.44,37.7,59.8,26.2,24.2,84.9,46.4,67.7,48.9
Sebastián Rivero,LAA,C,63,-1.45,24.1,52.4,19.3,42.0,88.6,26.2,75.2,46.8
Andrew Knizner,SF,C,84,-1.45,30.6,63.2,25.3,39.4,84.5,22.9,60.9,45.7
Jacob Burke,CWS,OF,2,-1.45,0.0,40.0,0.0,0.0,66.7,0.0,100.0,75.0
Parker Meadows,DET,CF,45,-1.46,30.0,57.9,31.2,28.0,89.3,25.6,65.9,49.4
Kevin Rivas,CLE,1B,1,-1.46,,75.0,40.0,0.0,0.0,,33.3,50.0
Chandler Simpson,TB,LF,618,-1.47,35.2,56.6,26.2,31.3,91.8,19.0,65.3,51.7
CJ Alexander,HOU,1B,1,-1.47,0.0,75.0,0.0,40.0,100.0,100.0,100.0,28.6
Pablo Reyes,SD,OF,2,-1.49,0.0,50.0,40.0,40.0,100.0,0.0,66.7,60.0
Carlos Jorge,CIN,CF,48,-1.49,33.3,50.0,19.5,35.2,69.0,30.4,78.0,50.8
Carlos Narváez,BAL,C,293,-1.49,30.3,53.9,23.5,32.6,78.3,35.8,70.3,49.8
Zack Short,NYM,SS,62,-1.5,33.3,60.5,21.3,27.1,81.9,34.2,64.8,47.2
Cedric Mullins,TB,CF,505,-1.51,28.6,56.3,21.8,30.6,83.8,21.8,71.3,45.8
Tyler Callihan,PIT,LF,108,-1.51,27.1,50.2,18.2,33.9,75.9,34.3,77.1,49.2
Wallace Clark,AZ,SS,3,-1.52,0.0,50.0,50.0,66.7,100.0,0.0,66.7,50.0
Jorge Barrosa,HOU,CF,183,-1.52,27.2,61.8,25.5,28.3,80.1,27.9,61.4,46.6
Jonah Bride,TEX,3B,7,-1.53,66.7,78.6,31.2,31.2,100.0,66.7,37.5,33.3
Victor Robles,SEA,RF,158,-1.53,30.0,54.9,18.3,36.0,87.5,33.6,75.9,47.4
Jake Mangum,PIT,CF,482,-1.54,29.3,51.4,24.0,45.3,85.1,20.7,73.1,47.0
Robert Moore,PHI,2B,1,-1.54,0.0,50.0,25.0,25.0,50.0,0.0,66.7,42.9
Jake Meyers,HOU,CF,159,-1.54,28.7,53.7,22.2,32.5,89.0,32.5,72.2,49.6
DJ Gladney,NYY,OF,1,-1.54,,50.0,25.0,0.0,66.7,50.0,75.0,57.1
Addison Barger,TOR,RF,35,-1.55,25.7,69.7,22.5,37.4,93.3,41.7,56.6,37.6
Colt Emerson,SEA,SS,241,-1.56,30.4,54.0,24.4,38.9,78.3,32.7,69.4,48.2
Braxton Fulford,COL,C,88,-1.56,24.4,61.2,20.2,28.7,79.8,44.9,65.8,44.0
Héctor Rodríguez,CIN,RF,150,-1.57,31.7,57.4,20.6,42.7,82.3,32.7,71.4,44.8
Freddy Fermin,SD,C,264,-1.58,32.4,55.2,22.1,34.3,86.6,35.9,71.7,47.2
Cole Mathis,CHC,3B,1,-1.59,,66.7,60.0,0.0,100.0,0.0,25.0,80.0
Leo De Vries,ATH,SS,3,-1.59,0.0,55.6,0.0,42.9,50.0,50.0,80.0,50.0
James Outman,DET,CF,180,-1.6,29.5,57.5,19.2,30.7,73.0,50.5,75.5,47.1
Ryan McCoy,TB,1B,1,-1.61,,100.0,33.3,0.0,0.0,,33.3,75.0
Lenyn Sosa,TOR,2B,124,-1.61,24.2,56.7,24.8,50.2,88.9,23.3,64.9,42.4
Dean Curley,CLE,SS,3,-1.61,,60.0,57.1,0.0,100.0,,25.0,100.0
Ethan Salas,SD,C,42,-1.62,15.2,55.3,29.6,30.3,92.0,25.8,64.1,51.0
Kasen Wells,SD,OF,3,-1.63,0.0,33.3,50.0,0.0,100.0,0.0,100.0,100.0
Raynel Delgado,HOU,2B,42,-1.64,39.3,56.0,19.0,29.9,86.0,46.4,75.8,50.0
JD Dix,AZ,2B,2,-1.65,0.0,33.3,50.0,0.0,100.0,0.0,66.7,100.0
Marcelo Mayer,SF,2B,255,-1.65,35.1,56.9,20.5,29.0,86.5,38.2,73.0,48.0
Axel Sanchez,SEA,2B,1,-1.65,,50.0,50.0,0.0,100.0,0.0,50.0,66.7
Ozzie Albies,ATL,2B,691,-1.66,28.5,54.7,16.9,38.3,88.0,21.3,78.6,44.2
Austin Slater,TB,RF,73,-1.67,30.5,60.0,21.6,28.7,80.4,44.4,66.7,47.9
Nick Allen,HOU,SS,167,-1.67,35.2,55.1,25.7,28.0,83.8,28.0,65.6,52.2
Won-Bin Cho,STL,OF,1,-1.67,0.0,60.0,25.0,25.0,100.0,50.0,66.7,42.9
Jhonkensy Noel,BAL,RF,5,-1.68,0.0,60.0,10.0,50.0,100.0,50.0,71.4,35.0
Jordan Groshans,ATL,SS,2,-1.68,0.0,50.0,0.0,50.0,100.0,100.0,66.7,75.0
Andrew McCutchen,TEX,DH,89,-1.69,30.3,57.2,20.6,21.2,77.3,43.7,69.1,51.3
Brett Harris,SF,3B,50,-1.69,43.3,60.6,27.4,23.2,79.7,31.4,66.3,47.6
Gabriel Rodriguez,PIT,OF,2,-1.69,0.0,50.0,50.0,0.0,100.0,0.0,60.0,83.3
Jackson Hornung,TOR,OF,2,-1.7,0.0,83.3,16.7,50.0,100.0,33.3,66.7,25.0
Adrian Rodriguez,AZ,SS,3,-1.7,0.0,55.6,16.7,20.0,66.7,100.0,60.0,55.6
Matt Rudick,NYM,OF,1,-1.71,0.0,60.0,0.0,0.0,33.3,100.0,100.0,50.0
Orlando Arcia,MIN,SS,60,-1.72,26.3,55.6,22.3,36.0,87.3,17.8,70.3,48.3
Kevyn Castillo,LAA,OF,2,-1.72,,33.3,50.0,50.0,100.0,,66.7,100.0
Rikuu Nishida,CWS,RF,31,-1.73,30.8,49.2,41.5,29.5,72.2,23.5,62.1,57.4
Andrés Giménez,TOR,SS,509,-1.75,32.5,50.5,23.6,43.4,83.5,28.1,73.5,48.1
Javier Báez,DET,SS,205,-1.75,36.9,59.7,25.5,47.0,81.1,34.8,66.1,42.8
Darell Hernaiz,ATH,SS,163,-1.76,30.9,58.0,21.6,36.2,84.8,31.5,67.5,45.8
Kameron Misner,KC,CF,46,-1.76,26.2,52.9,18.0,29.8,68.5,45.2,76.0,51.1
Drew Romo,CWS,C,206,-1.8,35.1,58.8,18.6,34.7,83.5,37.5,72.0,44.5
Noelvi Marte,CIN,RF,213,-1.81,31.2,61.0,24.1,41.2,88.0,33.0,65.5,45.2
Alika Williams,ATH,SS,237,-1.82,30.5,54.1,26.7,36.4,88.3,32.4,68.6,50.8
Brett Wisely,ATL,2B,7,-1.82,0.0,39.4,23.5,42.1,93.8,0.0,72.7,59.5
Colby Thomas,ATH,RF,127,-1.83,24.8,49.2,18.2,43.0,85.6,36.4,80.2,48.0
Ha-Seong Kim,ATL,SS,143,-1.83,26.8,61.1,26.7,26.8,89.0,22.5,57.6,51.5
Christian Cairo,PHI,SS,7,-1.85,0.0,68.2,21.1,27.8,57.1,100.0,53.8,43.3
Nick Madrigal,TB,3B,63,-1.86,32.9,51.8,26.9,30.4,96.5,11.1,68.5,51.9
Jaron Elkins,LAD,OF,5,-1.87,0.0,71.4,23.1,27.3,83.3,75.0,54.5,50.0
Jose F Miranda,SD,3B,7,-1.88,0.0,53.3,27.3,38.5,100.0,42.9,72.7,55.0
Dylan Carlson,CHC,LF,17,-1.88,0.0,61.4,30.8,20.0,70.0,30.8,57.1,57.4
Cam Cauley,TEX,CF,68,-1.88,36.7,58.2,23.1,27.0,79.0,29.5,64.3,51.0
Dairon Blanco,TEX,CF,3,-1.88,0.0,55.6,28.6,16.7,60.0,0.0,71.4,58.3
Tommy Hopfe,COL,OF,3,-1.88,0.0,40.0,33.3,16.7,100.0,33.3,87.5,72.7
Ryan Bliss,SEA,2B,17,-1.9,17.6,50.0,9.7,35.3,71.4,50.0,75.7,54.4
Carter Dorighi,SEA,3B,1,-1.9,,66.7,33.3,0.0,0.0,100.0,50.0,50.0
Denzel Clarke,ATH,CF,93,-1.91,48.9,63.9,23.2,26.5,76.7,50.0,65.9,47.6
Nate Eaton,BOS,LF,65,-1.91,37.5,61.4,23.4,33.5,76.1,43.1,69.8,45.0
Trent Farquhar,PHI,2B,2,-1.93,0.0,60.0,50.0,0.0,50.0,,50.0,57.1
Jhostynxon Garcia,PIT,RF,54,-1.93,28.6,53.5,18.7,45.6,73.5,45.3,78.2,46.3
Aaron McKeithan,SEA,C,2,-1.93,,100.0,20.0,40.0,100.0,66.7,33.3,37.5
Ben Rortvedt,LAD,C,34,-1.94,17.2,52.7,38.1,39.3,80.6,34.6,55.4,55.1
Maverick Handley,BAL,C,5,-1.94,0.0,56.2,18.2,25.0,42.9,60.0,77.8,45.0
Christian Koss,SF,SS,222,-1.95,34.1,54.3,24.9,39.2,80.8,40.8,71.2,47.3
Manolfi Jimenez,PHI,OF,2,-1.96,,60.0,0.0,40.0,50.0,50.0,100.0,28.6
Christian Vázquez,HOU,C,269,-1.96,25.6,58.2,27.1,36.7,90.3,29.5,61.3,47.2
Luken Baker,AZ,1B,5,-1.97,33.3,73.3,31.2,37.5,100.0,80.0,25.0,33.3
Miles Mastrobuoni,SEA,3B,30,-1.99,38.1,62.3,32.8,27.5,89.7,45.5,51.8,52.8
Casey Opitz,CHC,C,1,-1.99,0.0,75.0,25.0,50.0,100.0,0.0,50.0,25.0
Rosman Verdugo,SD,2B,2,-1.99,0.0,62.5,0.0,33.3,66.7,0.0,75.0,40.0
Austin Wynns,TEX,C,93,-2.01,27.8,52.1,30.2,39.9,84.9,35.3,67.2,50.7
Yohel Pozo,BAL,C,68,-2.01,23.6,53.6,22.1,50.8,92.3,25.9,71.6,46.0
Carlos Santana,AZ,1B,38,-2.03,16.2,56.8,20.2,30.3,82.7,35.3,70.3,48.4
Ernie Clement,TOR,2B,625,-2.05,27.4,54.3,20.7,44.5,92.2,21.4,72.2,46.9
Luke Maile,KC,C,45,-2.06,35.3,62.4,26.9,30.6,89.1,26.1,57.5,48.5
Jose Trevino,CIN,C,166,-2.07,26.6,53.8,31.0,36.5,89.1,25.4,61.5,51.9
Trace Willhoite,NYM,3B,2,-2.08,0.0,50.0,0.0,40.0,66.7,,100.0,42.9
Eloy Jiménez,TOR,DH,37,-2.1,39.3,62.2,25.0,39.0,86.8,26.3,67.9,40.9
Sammy Siani,SEA,OF,5,-2.1,0.0,53.8,46.2,25.0,100.0,16.7,60.0,55.6
Kyren Paris,LAA,2B,18,-2.1,33.3,59.0,21.7,12.8,68.8,56.2,72.7,53.0
Felix Reyes,PHI,LF,38,-2.1,37.9,58.1,26.5,52.9,96.9,37.8,66.7,40.7
Brett Squires,KC,1B,2,-2.11,0.0,33.3,0.0,33.3,75.0,0.0,100.0,57.1
Zach Kokoska,COL,OF,2,-2.11,0.0,40.0,0.0,33.3,100.0,33.3,100.0,60.0
Davis Wendzel,PIT,3B,4,-2.12,14.3,56.2,10.0,35.7,88.9,0.0,90.0,41.7
Jonathon Long,CHC,3B,8,-2.13,0.0,45.0,35.7,20.0,72.7,40.0,64.7,73.9
Kodey Shojinaga,PHI,C,1,-2.13,,66.7,33.3,33.3,100.0,0.0,50.0,50.0
Otto Kemp,PHI,LF,35,-2.13,17.6,58.3,23.3,34.9,85.4,42.1,71.6,45.9
Colin Davis,SEA,OF,1,-2.13,0.0,50.0,0.0,0.0,50.0,,100.0,57.1
Cody Freeman,TEX,3B,96,-2.14,27.3,59.8,32.0,29.4,89.4,18.9,56.8,50.8
Anyelo Encarnación,STL,SS,1,-2.14,,100.0,33.3,50.0,,,0.0,50.0
Brock Rodden,SEA,SS,74,-2.14,31.1,60.9,20.3,31.7,70.1,53.4,66.4,44.0
Christopher Morel,NYM,1B,110,-2.14,32.9,57.8,26.9,33.5,75.4,45.5,65.3,47.7
Alex Jackson,MIN,C,79,-2.14,21.1,50.8,22.5,40.9,83.3,31.5,72.5,50.7
Carlos Rodríguez,SD,RF,4,-2.14,0.0,66.7,25.0,50.0,66.7,66.7,42.9,50.0
Eric Rataczak,MIA,1B,2,-2.16,0.0,42.9,50.0,25.0,66.7,0.0,50.0,75.0
Branny De Oleo,NYM,3B,3,-2.16,0.0,71.4,28.6,28.6,0.0,66.7,60.0,41.7
Cannon Peebles,CLE,C,3,-2.17,0.0,42.9,40.0,25.0,80.0,50.0,71.4,70.0
Duke Ellis,NYY,CF,3,-2.17,0.0,60.0,25.0,40.0,66.7,50.0,75.0,57.1
Reese McGuire,CWS,C,41,-2.18,27.3,51.1,29.7,36.2,89.4,16.1,63.5,57.8
Josh Rojas,KC,3B,118,-2.2,24.1,58.8,21.3,30.6,91.1,24.7,69.5,49.2
Simon Juan,NYM,OF,2,-2.2,0.0,42.9,0.0,50.0,66.7,100.0,75.0,66.7
Travis d'Arnaud,LAA,C,88,-2.21,30.6,57.7,23.9,34.4,78.8,40.9,66.9,50.9
Eliezer Alfonzo,LAD,C,34,-2.22,14.0,50.6,19.6,33.9,95.7,26.3,76.7,53.1
Bryce Teodosio,LAA,LF,81,-2.22,29.1,54.0,21.7,36.6,71.9,45.5,71.1,49.8
Joendry Vargas,LAD,SS,3,-2.23,0.0,50.0,33.3,33.3,75.0,0.0,80.0,71.4
Nate Furman,SF,2B,39,-2.23,34.4,64.8,28.7,33.3,97.4,27.8,61.9,42.9
Hunter Stovall,PIT,2B,1,-2.25,0.0,50.0,66.7,50.0,,,0.0,66.7
Chad Stevens,COL,2B,41,-2.25,19.0,64.8,22.7,39.8,85.4,35.7,64.9,42.5
Garret Forrester,MIA,3B,1,-2.25,0.0,50.0,66.7,0.0,100.0,,33.3,100.0
Omar Martinez,LAA,C,3,-2.26,0.0,62.5,28.6,28.6,100.0,,60.0,41.7
Brailer Guerrero,TB,OF,2,-2.27,0.0,75.0,0.0,40.0,50.0,33.3,100.0,50.0
Kyle Farmer,ATL,DH,27,-2.29,23.8,55.8,34.1,45.8,78.6,15.8,60.9,51.7
Jerar Encarnacion,SF,RF,39,-2.3,16.7,55.8,30.1,43.5,96.3,19.2,63.5,48.3
Corey Julks,DET,LF,7,-2.3,28.6,55.6,28.6,23.1,100.0,16.7,66.7,48.0
Nathan Flewelling,TB,C,2,-2.31,0.0,60.0,50.0,0.0,66.7,50.0,50.0,66.7
Tony Bullard,MIA,3B,2,-2.32,0.0,40.0,33.3,0.0,75.0,50.0,80.0,100.0
Tommy Sacco Jr.,HOU,SS,1,-2.32,0.0,66.7,33.3,0.0,50.0,100.0,66.7,60.0
Connor Kaiser,KC,SS,2,-2.32,0.0,25.0,50.0,66.7,100.0,0.0,66.7,50.0
Ricardo Olivar,MIN,C,1,-2.32,0.0,50.0,33.3,33.3,50.0,50.0,66.7,60.0
Je'Von Ward,TOR,RF,3,-2.36,0.0,50.0,42.9,20.0,50.0,33.3,57.1,63.6
Jalin Flores,STL,SS,2,-2.39,0.0,33.3,66.7,0.0,100.0,0.0,60.0,100.0
Maikol Hernández,BAL,SS,2,-2.4,,62.5,16.7,37.5,33.3,100.0,75.0,33.3
Mark Canha,TEX,LF,5,-2.42,0.0,55.6,16.7,47.1,80.0,66.7,62.5,34.8
Scott Bandura,SF,LF,27,-2.42,16.7,55.4,22.6,44.8,67.6,25.9,61.8,48.7
Drew Waters,KC,LF,5,-2.43,0.0,50.0,16.7,50.0,80.0,42.9,83.3,42.9
David Bañuelos,MIN,C,4,-2.43,0.0,33.3,0.0,50.0,100.0,,100.0,75.0
Garrett Stubbs,PHI,C,71,-2.43,30.0,58.6,19.5,36.7,87.5,37.7,69.6,45.5
Ivan Johnson,CIN,2B,21,-2.45,58.3,59.6,24.4,32.5,81.0,55.6,60.0,47.9
Deyvison De Los Santos,MIA,1B,39,-2.46,31.2,58.9,30.0,40.7,90.7,40.9,59.7,45.6
Sean McLain,LAD,2B,2,-2.47,0.0,50.0,33.3,33.3,100.0,0.0,66.7,60.0
Spencer Bramwell,MIA,C,2,-2.48,0.0,45.5,16.7,25.0,83.3,,100.0,46.2
Kien Vu,CIN,OF,2,-2.48,0.0,37.5,57.1,20.0,100.0,0.0,66.7,69.2
Rafael Marchán,PHI,C,101,-2.48,19.8,57.5,25.2,31.8,92.5,24.7,65.8,50.1
Jonathan Ornelas,MIL,SS,22,-2.49,27.8,48.2,27.0,45.5,78.1,47.6,71.1,50.6
Eduardo Quintero,LAD,OF,6,-2.49,0.0,61.5,33.3,50.0,100.0,20.0,50.0,45.5
Ivan Melendez,AZ,1B,1,-2.5,0.0,50.0,33.3,40.0,100.0,50.0,100.0,28.6
Gabriel Gonzalez,MIN,RF,11,-2.5,36.4,58.1,10.0,29.6,100.0,42.9,93.8,37.2
Romeo Sanabria,SD,1B,3,-2.51,0.0,50.0,33.3,33.3,100.0,50.0,75.0,80.0
Bryce Johnson,SD,RF,56,-2.51,18.6,62.5,26.7,36.2,72.1,38.8,59.2,47.7
Luis De La Cruz,CLE,3B,2,-2.52,0.0,60.0,25.0,25.0,66.7,0.0,75.0,57.1
Blake Hunt,SD,C,3,-2.52,0.0,70.0,30.0,44.4,33.3,60.0,37.5,47.1
Drake Logan,CWS,3B,4,-2.54,0.0,50.0,37.5,25.0,50.0,0.0,54.5,84.6
Bryce Arnold,CLE,SS,2,-2.57,0.0,55.6,28.6,16.7,40.0,50.0,71.4,53.8
Vidal Bruján,NYM,SS,21,-2.58,16.7,54.3,24.2,21.9,88.9,7.1,77.1,56.5
Juan Cabada,CHC,SS,1,-2.58,0.0,0.0,,100.0,100.0,0.0,100.0,50.0
Trei Cruz,DET,CF,10,-2.59,12.5,46.9,34.8,6.2,60.0,33.3,71.4,65.1
Leonardo Pineda,TB,OF,1,-2.64,0.0,50.0,66.7,0.0,100.0,,33.3,75.0
Jack Winnay,BOS,3B,2,-2.64,0.0,50.0,50.0,0.0,50.0,0.0,66.7,60.0
Sam Haggerty,TEX,LF,53,-2.64,20.4,51.8,20.9,31.9,81.9,47.8,71.3,54.0
Tyler Heineman,LAA,C,203,-2.65,25.3,50.6,25.8,43.5,87.1,24.9,70.0,49.7
Jesus Valdez,AZ,3B,6,-2.65,0.0,69.2,40.0,40.0,80.0,80.0,45.5,45.8
Rudy Martin Jr.,TOR,RF,5,-2.66,100.0,66.7,28.6,18.2,40.0,60.0,50.0,50.0
D'Angelo Ortiz,BOS,1B,3,-2.66,0.0,28.6,50.0,0.0,83.3,0.0,75.0,100.0
Liover Peguero,PHI,SS,7,-2.67,0.0,43.8,22.2,58.3,88.9,37.5,69.2,59.1
Keshawn Ogans,ATL,SS,2,-2.68,,60.0,40.0,0.0,0.0,100.0,50.0,57.1
Reginald Preciado,CHC,LF,2,-2.68,0.0,60.0,25.0,42.9,50.0,100.0,100.0,22.2
Wyatt Young,NYM,SS,1,-2.69,0.0,100.0,66.7,50.0,,,0.0,50.0
José Pirela,CLE,OF,1,-2.69,,100.0,66.7,50.0,,,0.0,50.0
Austin Gauthier,LAD,2B,1,-2.69,,100.0,66.7,0.0,100.0,,50.0,50.0
Rece Hinds,BAL,RF,71,-2.71,28.3,58.7,18.2,39.9,65.6,51.6,74.4,42.0
Gustavo Campero,LAA,OF,16,-2.71,17.6,52.3,14.8,36.1,73.9,61.1,85.2,44.3
Brian Navarreto,MIA,C,58,-2.75,27.1,57.2,20.2,38.7,81.8,53.8,70.0,47.6
Tevin Tucker,COL,SS,3,-2.76,0.0,71.4,16.7,28.6,33.3,100.0,75.0,40.0
Gabriel Rincones Jr.,PHI,RF,89,-2.8,19.5,51.2,29.5,46.6,83.5,40.2,69.3,48.5
Ty Southisene,CHC,SS,5,-2.8,0.0,60.0,25.0,50.0,100.0,50.0,71.4,38.9
Tyson Lewis,CIN,3B,4,-2.81,0.0,40.0,42.9,33.3,87.5,50.0,72.7,68.8
Tyler Black,MIL,DH,28,-2.82,18.5,54.0,24.4,32.0,83.3,23.5,76.6,48.5
Oswaldo Cabrera,CIN,3B,30,-2.82,10.7,46.7,27.1,36.2,82.2,27.3,71.4,61.8
Drew Faurot,MIA,SS,4,-2.82,0.0,53.8,12.5,25.0,42.9,40.0,77.8,56.2
Carlos Sanchez,CIN,SS,2,-2.83,0.0,40.0,50.0,0.0,66.7,50.0,60.0,83.3
Lonnie White Jr.,PIT,OF,1,-2.83,,100.0,50.0,33.3,,,0.0,40.0
Scott Kingery,CHC,SS,13,-2.84,10.0,66.7,33.3,42.9,81.8,42.9,50.0,46.8
Chase Call,HOU,OF,3,-2.84,0.0,44.4,42.9,33.3,100.0,40.0,62.5,66.7
Oliver Dunn,TB,3B,12,-2.86,50.0,55.2,27.3,28.6,71.4,20.0,66.7,50.0
Connor Hujsak,TB,OF,1,-2.92,,100.0,0.0,66.7,,,,0.0
Will Banfield,CIN,C,22,-2.94,17.4,53.8,12.5,54.3,87.5,29.4,75.0,49.2
Drew Bowser,CHC,2B,2,-2.94,,60.0,25.0,40.0,100.0,100.0,66.7,37.5
Mike Sirota,LAD,CF,2,-2.95,,100.0,75.0,0.0,100.0,0.0,40.0,83.3
Alexander Vargas,CIN,SS,3,-2.95,0.0,40.0,0.0,60.0,80.0,33.3,100.0,35.7
Connor Caskenette,MIA,C,1,-3.0,0.0,50.0,50.0,25.0,50.0,,66.7,42.9
George Valera,CLE,LF,38,-3.0,42.9,46.8,27.5,40.4,88.9,14.3,72.6,52.1
BJ Murray Jr.,CHC,3B,14,-3.01,0.0,48.7,32.1,24.0,90.9,9.1,71.0,58.5
Jeimer Candelario,LAA,3B,26,-3.03,27.3,54.8,29.2,36.7,59.5,60.0,68.5,52.9
Hayden Senger,NYM,C,20,-3.05,23.1,45.2,26.9,47.1,82.6,12.5,74.2,47.7
Greg Jones,MIL,LF,27,-3.06,27.8,49.1,36.4,40.9,71.9,52.6,64.0,53.8
Jay Beshears,MIA,1B,3,-3.08,0.0,66.7,33.3,40.0,75.0,66.7,57.1,70.0
Aaron Sabato,MIN,1B,6,-3.11,16.7,43.8,22.2,22.2,81.8,28.6,84.6,59.1
John Cruz,MIA,RF,2,-3.14,0.0,44.4,20.0,50.0,80.0,40.0,71.4,58.3
Jared Serna,MIA,2B,29,-3.15,20.0,54.1,20.0,33.9,82.1,33.3,75.0,48.1
Carson Williams,TB,SS,49,-3.15,26.8,43.0,33.3,42.9,79.0,52.0,74.7,51.9
Nathan Humphreys,PHI,OF,2,-3.16,0.0,75.0,40.0,50.0,100.0,100.0,25.0,50.0
Trent Youngblood,AZ,OF,3,-3.18,,60.0,25.0,44.4,0.0,66.7,50.0,40.0
Brady O'Brien,SEA,2B,2,-3.22,,25.0,0.0,,66.7,0.0,75.0,200.0
Zavier Warren,CIN,1B,1,-3.22,0.0,33.3,0.0,0.0,50.0,0.0,100.0,100.0
Sam Huff,BAL,C,37,-3.23,20.0,51.2,27.1,41.4,71.2,55.9,74.3,50.4
Chase Harlan,LAD,3B,4,-3.29,,66.7,33.3,44.4,100.0,100.0,33.3,46.2
Sandy León,ATL,C,44,-3.31,12.5,46.6,29.9,39.2,81.2,23.3,70.4,55.4
Emilio Barreras,MIA,3B,2,-3.32,0.0,40.0,60.0,33.3,66.7,0.0,50.0,75.0
Billy Cook,PIT,CF,64,-3.32,18.3,43.3,31.5,40.0,71.4,24.1,72.2,59.7
LeTrey McCollum,LAA,OF,3,-3.33,,42.9,50.0,25.0,75.0,66.7,57.1,77.8
Alfredo Duno,CIN,C,1,-3.35,0.0,50.0,75.0,0.0,100.0,0.0,40.0,83.3
Druw Jones,AZ,OF,3,-3.36,0.0,50.0,25.0,40.0,100.0,100.0,75.0,44.4
Jonathan Mejía,STL,SS,4,-3.39,0.0,50.0,54.5,33.3,83.3,0.0,54.5,64.7
Caden Powell,HOU,OF,1,-3.41,0.0,50.0,0.0,40.0,50.0,75.0,100.0,44.4
Leandro Romero,SEA,SS,2,-3.42,0.0,20.0,0.0,50.0,100.0,50.0,100.0,71.4
Will Brennan,SF,LF,28,-3.44,17.1,40.0,26.7,54.8,97.1,4.0,76.1,54.8
Hayden Cantrelle,CHC,2B,2,-3.45,0.0,40.0,0.0,33.3,66.7,,100.0,75.0
Chadwick Tromp,BAL,C,51,-3.45,26.2,48.6,32.9,45.6,85.5,40.9,67.4,51.1
Nelly Taylor,BOS,OF,1,-3.48,,50.0,0.0,50.0,0.0,0.0,100.0,33.3
Carlos Mendoza,TOR,2B,1,-3.48,0.0,,100.0,100.0,,0.0,0.0,50.0
Billy Amick,MIN,3B,3,-3.48,0.0,0.0,100.0,,100.0,0.0,75.0,200.0
Justin Riemer,ATH,2B,1,-3.48,,,100.0,100.0,,,0.0,50.0
Albert Fabian,SD,OF,1,-3.48,0.0,,100.0,100.0,,0.0,0.0,50.0
Modeifi Marte,AZ,1B,1,-3.48,0.0,,100.0,100.0,,,0.0,50.0
Joan Delgado,CHC,OF,3,-3.49,0.0,50.0,20.0,42.9,50.0,100.0,80.0,45.5
James Triantos,CHC,2B,13,-3.52,14.3,51.9,26.3,36.8,100.0,28.6,66.7,56.8
Dallas Macias,ATL,OF,3,-3.56,0.0,36.4,42.9,50.0,85.7,20.0,70.0,58.8
Gavin Cross,KC,OF,2,-3.56,0.0,50.0,0.0,40.0,50.0,100.0,100.0,44.4
Jaime Ferrer,MIN,1B,1,-3.56,0.0,33.3,0.0,0.0,66.7,50.0,100.0,75.0
Robert Calaz,COL,OF,2,-3.57,0.0,50.0,0.0,60.0,100.0,60.0,100.0,28.6
Wuilfredo Antunez,CLE,OF,3,-3.6,0.0,25.0,33.3,0.0,66.7,40.0,85.7,100.0
Jud Fabian,BAL,OF,5,-3.61,0.0,33.3,50.0,25.0,80.0,37.5,66.7,88.2
Devin Taylor,ATH,OF,1,-3.63,,50.0,50.0,0.0,50.0,,66.7,100.0
Darlyn De Leon,CHC,OF,2,-3.63,0.0,50.0,50.0,66.7,100.0,,50.0,40.0
Rafael Lantigua,TOR,2B,3,-3.65,0.0,0.0,100.0,100.0,100.0,0.0,75.0,133.3
Benny Montgomery,COL,OF,2,-3.67,0.0,16.7,0.0,66.7,80.0,0.0,100.0,83.3
Jesus Castillo,PIT,SS,1,-3.68,0.0,50.0,0.0,100.0,100.0,50.0,50.0,100.0
Angel Cepeda,CHC,SS,4,-3.7,0.0,50.0,28.6,40.0,40.0,50.0,55.6,75.0
Anthony Donofrio,SEA,OF,2,-3.71,0.0,100.0,33.3,66.7,0.0,100.0,33.3,50.0
Ralphy Velazquez,CLE,1B,3,-3.72,0.0,28.6,0.0,100.0,100.0,0.0,71.4,116.7
Ian Moller,TEX,C,1,-3.72,,100.0,50.0,0.0,50.0,,66.7,75.0
Angel Mateo,TB,OF,1,-3.73,0.0,50.0,33.3,50.0,66.7,66.7,75.0,50.0
Andrew Fischer,MIL,3B,1,-3.73,0.0,33.3,50.0,0.0,50.0,,66.7,100.0
Kyler Fedko,MIN,LF,19,-3.73,28.6,52.1,28.6,40.5,61.5,35.3,72.2,46.2
Mac Guscette,ATL,C,1,-3.73,0.0,40.0,0.0,50.0,100.0,100.0,100.0,42.9
Michael Helman,TEX,CF,41,-3.75,16.3,47.3,20.4,45.1,79.2,25.6,76.2,48.8
Nick Schnell,SD,RF,7,-3.77,0.0,56.2,35.7,40.0,28.6,71.4,58.3,46.2
Adam Hackenberg,CWS,C,1,-3.79,0.0,0.0,,,100.0,0.0,100.0,125.0
Tavian Josenberger,BAL,OF,1,-3.79,0.0,50.0,0.0,50.0,100.0,100.0,100.0,50.0
Yanquiel Fernández,NYY,RF,2,-3.79,0.0,20.0,0.0,100.0,100.0,,80.0,100.0
Casey Yamauchi,ATH,2B,1,-3.79,,0.0,,,100.0,,100.0,100.0
Emaarion Boyd,MIA,LF,3,-3.79,0.0,0.0,,,100.0,0.0,100.0,400.0
Michael Chavis,CIN,2B,1,-3.79,0.0,0.0,,,100.0,,100.0,200.0
Tyler Hardman,NYY,1B,1,-3.88,,66.7,33.3,33.3,0.0,100.0,50.0,40.0
Derik Alcantara,CHC,OF,1,-3.88,,66.7,33.3,33.3,0.0,100.0,50.0,40.0
Lamar King Jr.,SD,C,1,-3.9,,66.7,33.3,50.0,0.0,100.0,50.0,33.3
Luis Matos,MIL,RF,25,-3.93,18.2,58.0,19.4,49.0,92.6,21.1,73.0,42.5
Ricardo Gonzalez,TB,3B,1,-3.99,0.0,0.0,,100.0,100.0,,100.0,100.0
Andy Yerzy,STL,C,1,-4.07,,100.0,33.3,50.0,,100.0,0.0,20.0
Colin Burgess,ATL,C,1,-4.09,0.0,33.3,50.0,75.0,100.0,100.0,50.0,33.3
Emil Morales,LAD,SS,4,-4.1,0.0,46.2,14.3,45.5,83.3,75.0,85.7,43.8
Jose Devers,CLE,SS,3,-4.14,0.0,42.9,50.0,75.0,66.7,33.3,37.5,72.7
Archer Brookman,ATL,C,2,-4.14,0.0,0.0,100.0,100.0,100.0,0.0,50.0,100.0
Andy Weber,CWS,2B,2,-4.15,0.0,25.0,50.0,66.7,100.0,25.0,75.0,80.0
Andy Ibáñez,NYM,2B,32,-4.17,9.1,45.7,23.8,40.4,87.8,23.3,74.5,55.6
Zach Ehrhard,LAD,OF,5,-4.17,0.0,28.6,50.0,60.0,100.0,33.3,71.4,70.0
Kamren James,TB,OF,1,-4.19,0.0,0.0,100.0,100.0,100.0,0.0,75.0,80.0
Angel Ortiz,AZ,OF,3,-4.22,0.0,60.0,50.0,40.0,50.0,100.0,40.0,55.6
Blake Burke,MIL,1B,2,-4.23,0.0,40.0,33.3,33.3,60.0,33.3,83.3,66.7
Braylon Payne,MIL,OF,1,-4.24,0.0,100.0,50.0,50.0,100.0,,50.0,50.0
Cameron Leary,ATH,OF,1,-4.24,,50.0,50.0,50.0,100.0,50.0,66.7,75.0
Max Anderson,DET,2B,4,-4.26,0.0,50.0,20.0,60.0,66.7,33.3,75.0,33.3
Samuel Zavala,CWS,CF,1,-4.29,,66.7,0.0,0.0,0.0,100.0,75.0,80.0
Isaiah Jackson,BOS,OF,1,-4.32,0.0,50.0,50.0,50.0,100.0,100.0,50.0,66.7
Chuckie Robinson,LAD,C,26,-4.33,14.3,40.0,27.8,27.3,62.2,23.5,78.9,65.5
Peyton Wilson,KC,2B,2,-4.35,0.0,50.0,0.0,60.0,66.7,100.0,100.0,37.5
Kevin Made,WSH,SS,1,-4.4,,50.0,66.7,0.0,0.0,,50.0,50.0
Eric Brown Jr.,MIL,OF,4,-4.44,0.0,62.5,28.6,60.0,66.7,71.4,50.0,40.0
Jaylen Palmer,CHC,SS,2,-4.47,0.0,50.0,66.7,50.0,100.0,,33.3,60.0
George Wolkow,CWS,OF,1,-4.49,,33.3,0.0,33.3,50.0,50.0,100.0,57.1
Breyson Guedez,ATH,OF,2,-4.49,0.0,25.0,0.0,0.0,50.0,0.0,100.0,80.0
Andrew Velazquez,KC,SS,17,-4.5,6.7,42.4,26.3,53.8,85.0,16.7,74.1,50.9
Matthew Lugo,KC,LF,15,-4.53,20.0,58.8,23.1,40.0,81.2,54.5,76.2,37.5
Richie Martin Jr.,TEX,SS,2,-4.65,,100.0,0.0,66.7,,100.0,,0.0
Johnny Olmstead,MIA,SS,3,-4.65,0.0,50.0,57.1,50.0,66.7,50.0,50.0,46.2
Ryan McCarty,TOR,1B,1,-4.69,,0.0,100.0,,100.0,0.0,50.0,100.0
Taitn Gray,TB,1B,2,-4.76,,50.0,0.0,60.0,100.0,75.0,100.0,37.5
Vinny Capra,BOS,3B,3,-4.77,,40.0,50.0,50.0,33.3,66.7,60.0,62.5
Kemp Alderman,MIA,OF,7,-4.78,0.0,46.2,33.3,53.8,62.5,60.0,72.7,50.0
Caden Connor,CWS,OF,1,-4.79,0.0,0.0,100.0,100.0,100.0,0.0,50.0,100.0
Alex Mooney,CLE,SS,5,-4.92,0.0,30.8,42.9,14.3,50.0,80.0,90.9,68.8
Kenedy Corona,NYY,CF,3,-4.92,,50.0,33.3,50.0,25.0,75.0,80.0,62.5
Nick Roselli,NYM,2B,1,-4.93,,50.0,0.0,33.3,0.0,100.0,100.0,40.0
Chase Jaworsky,MIA,SS,3,-4.94,0.0,25.0,66.7,66.7,66.7,100.0,60.0,71.4
Alberth Palma,TB,3B,2,-4.99,0.0,0.0,100.0,,100.0,0.0,50.0,133.3
Anthony Huezo,HOU,OF,1,-5.04,,66.7,0.0,66.7,,100.0,0.0,25.0
Carlos Caro,PIT,2B,1,-5.16,0.0,25.0,50.0,50.0,100.0,33.3,100.0,42.9
Ben Gobbel,LAA,1B,4,-5.17,0.0,14.3,50.0,85.7,60.0,20.0,83.3,54.5
Yassel Soler,AZ,3B,4,-5.21,0.0,25.0,50.0,60.0,85.7,60.0,77.8,69.2
Óscar Mercado,AZ,RF,1,-5.22,0.0,0.0,100.0,50.0,80.0,33.3,83.3,85.7
Raylin Heredia,PHI,OF,1,-5.35,,33.3,0.0,75.0,100.0,50.0,100.0,20.0
Cooper Flemming,TB,SS,2,-5.38,0.0,20.0,50.0,50.0,50.0,50.0,80.0,100.0
Jordan Sprinkle,CWS,SS,1,-5.56,,50.0,0.0,66.7,0.0,100.0,100.0,25.0
Nate Mondou,SD,2B,1,-5.59,,0.0,100.0,,100.0,0.0,50.0,200.0
Jace Bohrofen,TOR,OF,1,-5.59,0.0,0.0,100.0,,100.0,0.0,33.3,150.0
Esmil Valencia,MIA,CF,1,-5.59,0.0,0.0,100.0,,100.0,0.0,50.0,200.0
Sam Brown,WSH,1B,1,-5.59,0.0,0.0,100.0,,100.0,,50.0,200.0
Trey Paige,STL,1B,1,-5.59,,,100.0,,,,0.0,100.0
Jack Winkler,HOU,2B,1,-5.59,0.0,0.0,100.0,,100.0,0.0,50.0,200.0
Jose Salas,MIN,2B,1,-5.74,,50.0,0.0,66.7,100.0,50.0,100.0,25.0
Heriberto Rincon,NYM,OF,1,-5.83,0.0,0.0,,,66.7,0.0,100.0,100.0
Maui Ahuna,SF,SS,1,-5.93,,0.0,,,66.7,0.0,100.0,100.0
Dillon Head,MIA,CF,2,-5.93,0.0,50.0,80.0,66.7,100.0,50.0,20.0,71.4
Felnin Celesten,SEA,SS,2,-6.02,0.0,66.7,0.0,80.0,100.0,80.0,50.0,28.6
Hansel Jimenez,CIN,3B,1,-6.06,0.0,0.0,100.0,100.0,50.0,0.0,66.7,75.0
José Barrero,BAL,SS,11,-6.1,9.1,35.0,41.7,66.7,81.8,50.0,68.8,45.7
Jadyn Fielder,MIL,OF,1,-6.19,,100.0,50.0,66.7,,100.0,0.0,25.0
Yerlin Confidan,CIN,OF,1,-6.19,,100.0,50.0,66.7,,100.0,0.0,25.0
Korey Lee,CWS,C,1,-6.46,0.0,0.0,,100.0,100.0,100.0,100.0,66.7
Danny Serretti,AZ,IF,1,-6.75,0.0,0.0,100.0,,50.0,50.0,66.7,100.0
Marcus Brown,WSH,SS,1,-6.75,0.0,0.0,100.0,,50.0,50.0,66.7,100.0
Matt O'Neill,AZ,C,3,-6.83,0.0,0.0,100.0,100.0,100.0,0.0,33.3,120.0
Willy Vasquez,BAL,3B,2,-6.87,0.0,25.0,66.7,50.0,66.7,0.0,75.0,66.7
Logan Davidson,TB,1B,1,-7.06,,0.0,100.0,100.0,100.0,100.0,50.0,66.7
PJ Morlando,MIA,OF,1,-7.09,,33.3,0.0,66.7,100.0,100.0,100.0,25.0
Willie MacIver,TEX,C,1,-7.14,0.0,50.0,0.0,66.7,100.0,100.0,100.0,25.0
Ambioris Tavarez,ATL,2B,3,-7.24,0.0,0.0,,100.0,100.0,50.0,100.0,50.0
Derek Berg,PIT,C,1,-8.54,,0.0,100.0,,0.0,,66.7,100.0
Dakota Jordan,SF,OF,1,-9.72,,,100.0,100.0,,100.0,0.0,33.3
Cole Gabrielson,NYY,OF,1,-10.4,,,,100.0,0.0,100.0,100.0,66.7
Jack Brannigan,PIT,SS,1,-11.17,,0.0,,100.0,0.0,,100.0,66.7
Raymond Mola,PIT,1B,1,-11.48,,0.0,,100.0,0.0,100.0,100.0,33.3
Tres Barrera,WSH,C,1,-11.79,0.0,0.0,,100.0,100.0,50.0,100.0,100.0
Blake Sabol,TB,C,1,,0.0,0.0,,,100.0,,100.0,
Garrett Martin,NYY,OF,1,,0.0,0.0,,,100.0,,100.0,
Geovanny Planchart,TOR,C,1,,0.0,0.0,,,100.0,,100.0,
Lizandro Espinoza,ATL,CF,1,,0.0,0.0,,,100.0,0.0,100.0,
Kyle Nevin,LAD,3B,1,,,0.0,,,100.0,0.0,100.0,
Jake Rucker,MIN,3B,1,,0.0,0.0,,,100.0,,100.0,
Andy Perez,COL,SS,1,,0.0,0.0,,,100.0,,100.0,
Cam Cannarella,MIA,OF,1,,0.0,0.0,,,100.0,,100.0,
Pedro Catuy,AZ,OF,1,,0.0,0.0,,,100.0,0.0,100.0,
Carlos Virahonda,AZ,C,1,,0.0,0.0,,,100.0,0.0,100.0,
Alexey Lumpuy,CHC,OF,1,,,0.0,,,100.0,0.0,100.0,
Jake McCutcheon,MIA,OF,1,,,0.0,,,100.0,,100.0,
Yunior Amparo,NYM,SS,1,,0.0,0.0,,,100.0,0.0,100.0,
Daniel Pierce,TB,SS,1,,0.0,0.0,,,100.0,,100.0,
Jacob McCombs,MIN,OF,1,,0.0,0.0,,,100.0,,100.0,
Jhorman Bravo,BOS,SS,1,,0.0,0.0,,,100.0,,100.0,
